Coral,Treatment 1,Treatment 2,OTU,baseMean,log2FoldChange,lfcSE,stat,pvalue,padj,Kingdom,Phylum,Class,Order,Family,Genus,Trend
Acropora,Empty,Turf mimic,de9398da6b44d4d49d760b6eb44b74fd,6.074433672,43.58034528,2.794317412,15.59606117,7.74E-55,2.01E-52,d__Bacteria,Cyanobacteria,Cyanobacteriia,Thermosynechococcales,Acaryochloridaceae,Acaryochloris_MBIC11017,Higher empty
Acropora,Empty,Amansia,de9398da6b44d4d49d760b6eb44b74fd,6.074433672,14.2387578,2.794273651,5.095691968,3.47E-07,7.82E-06,d__Bacteria,Cyanobacteria,Cyanobacteriia,Thermosynechococcales,Acaryochloridaceae,Acaryochloris_MBIC11017,Higher in Empty
Acropora,Macroalgae mimic,Turf mimic,de9398da6b44d4d49d760b6eb44b74fd,6.074433672,-43.6805458,2.787109467,-15.67234668,2.34E-55,7.90E-53,d__Bacteria,Cyanobacteria,Cyanobacteriia,Thermosynechococcales,Acaryochloridaceae,Acaryochloris_MBIC11017,Higher in Macroalgae mimic
Acropora,Macroalgae mimic,Amansia,de9398da6b44d4d49d760b6eb44b74fd,6.074433672,14.33895832,2.787065705,5.144822488,2.68E-07,3.90E-06,d__Bacteria,Cyanobacteria,Cyanobacteriia,Thermosynechococcales,Acaryochloridaceae,Acaryochloris_MBIC11017,Higher in Macroalgea mimic
Acropora,Turf mimic,Sargassum,de9398da6b44d4d49d760b6eb44b74fd,6.074433672,-43.63031096,2.79096418,-15.63270187,4.36E-55,1.13E-52,d__Bacteria,Cyanobacteria,Cyanobacteriia,Thermosynechococcales,Acaryochloridaceae,Acaryochloris_MBIC11017,Higher in Sargassum
Acropora,Turf mimic,S nigricans,de9398da6b44d4d49d760b6eb44b74fd,6.074433672,50.08230884,2.7349853,18.31172871,6.67E-75,1.54E-72,d__Bacteria,Cyanobacteria,Cyanobacteriia,Thermosynechococcales,Acaryochloridaceae,Acaryochloris_MBIC11017,Higher in S nigricans
Acropora,Turf mimic,S punctatus,de9398da6b44d4d49d760b6eb44b74fd,6.074433672,46.98421166,2.739922614,17.14800682,6.50E-66,7.51E-64,d__Bacteria,Cyanobacteria,Cyanobacteriia,Thermosynechococcales,Acaryochloridaceae,Acaryochloris_MBIC11017,Higher in S punctatus
Acropora,Amansia,Sargassum,de9398da6b44d4d49d760b6eb44b74fd,6.074433672,14.28872348,2.790920418,5.119717275,3.06E-07,2.59E-05,d__Bacteria,Cyanobacteria,Cyanobacteriia,Thermosynechococcales,Acaryochloridaceae,Acaryochloris_MBIC11017,Higher in Sargassum
Acropora,Amansia,S nigricans,de9398da6b44d4d49d760b6eb44b74fd,6.074433672,-20.74072135,2.734941528,-7.583606868,3.36E-14,1.71E-12,d__Bacteria,Cyanobacteria,Cyanobacteriia,Thermosynechococcales,Acaryochloridaceae,Acaryochloris_MBIC11017,Higher in S nigricans
Acropora,Amansia,S punctatus,de9398da6b44d4d49d760b6eb44b74fd,6.074433672,17.64262418,2.739878843,6.43919866,1.20E-10,5.40E-09,d__Bacteria,Cyanobacteria,Cyanobacteriia,Thermosynechococcales,Acaryochloridaceae,Acaryochloris_MBIC11017,Higher in S punctatus
Acropora,Empty,Turf mimic,11b04708476c1a87ef0d7ece3bd54577,6.052097565,-17.23656159,3.145628252,-5.479529114,4.26E-08,3.68E-06,d__Bacteria,Bacteroidota,Bacteroidia,Flavobacteriales,Flavobacteriaceae,Aquibacter,Higher in Turf mimic
Acropora,Empty,Amansia,11b04708476c1a87ef0d7ece3bd54577,6.052097565,-18.89557949,3.117970792,-6.060216967,1.36E-09,3.67E-08,d__Bacteria,Bacteroidota,Bacteroidia,Flavobacteriales,Flavobacteriaceae,Aquibacter,Higher in Amansia
Acropora,Empty,Sargassum,11b04708476c1a87ef0d7ece3bd54577,6.052097565,-22.65171235,3.09343491,-7.322511386,2.43E-13,7.09E-12,d__Bacteria,Bacteroidota,Bacteroidia,Flavobacteriales,Flavobacteriaceae,Aquibacter,Higher in Sargassum
Acropora,Empty,S nigricans,11b04708476c1a87ef0d7ece3bd54577,6.052097565,-21.68082918,3.093883009,-7.007643506,2.42E-12,4.44E-11,d__Bacteria,Bacteroidota,Bacteroidia,Flavobacteriales,Flavobacteriaceae,Aquibacter,Higher in S nigricans
Acropora,Empty,S punctatus,11b04708476c1a87ef0d7ece3bd54577,6.052097565,-21.50198155,3.093998723,-6.949576735,3.66E-12,1.24E-10,d__Bacteria,Bacteroidota,Bacteroidia,Flavobacteriales,Flavobacteriaceae,Aquibacter,Higher in S punctatuss
Acropora,Macroalgae mimic,Turf mimic,11b04708476c1a87ef0d7ece3bd54577,6.052097565,18.24794482,3.145628252,5.801049381,6.59E-09,1.11E-06,d__Bacteria,Bacteroidota,Bacteroidia,Flavobacteriales,Flavobacteriaceae,Aquibacter,Higher in Turf mimic
Acropora,Macroalgae mimic,Amansia,11b04708476c1a87ef0d7ece3bd54577,6.052097565,-19.90696273,3.117970792,-6.384589227,1.72E-10,3.51E-09,d__Bacteria,Bacteroidota,Bacteroidia,Flavobacteriales,Flavobacteriaceae,Aquibacter,Higher in Amansia
Acropora,Macroalgae mimic,Sargassum,11b04708476c1a87ef0d7ece3bd54577,6.052097565,-23.66309559,3.09343491,-7.649456437,2.02E-14,8.12E-13,d__Bacteria,Bacteroidota,Bacteroidia,Flavobacteriales,Flavobacteriaceae,Aquibacter,Higher in Sargassum
Acropora,Macroalgae mimic,S nigricans,11b04708476c1a87ef0d7ece3bd54577,6.052097565,-22.69221241,3.093883009,-7.334541204,2.22E-13,9.68E-12,d__Bacteria,Bacteroidota,Bacteroidia,Flavobacteriales,Flavobacteriaceae,Aquibacter,Higher in S nigricans
Acropora,Macroalgae mimic,S punctatus,11b04708476c1a87ef0d7ece3bd54577,6.052097565,-22.51336478,3.093998723,-7.276462208,3.43E-13,1.70E-11,d__Bacteria,Bacteroidota,Bacteroidia,Flavobacteriales,Flavobacteriaceae,Aquibacter,Higher in S punctatus
Acropora,Empty,Macroalgae mimic,577df33c2b7f3db91c03241266ef364d,7.711281865,-28.31927573,5.430346535,-5.215003417,1.84E-07,2.49E-05,d__Bacteria,Cyanobacteria,Cyanobacteriia,Cyanobacteriales,Coleofasciculaceae,Caldora_VP642b,Higher in Macroalgae Mimic
Acropora,Empty,Turf mimic,577df33c2b7f3db91c03241266ef364d,7.711281865,-22.45429787,5.454555948,-4.116613358,3.84E-05,0.002212898,d__Bacteria,Cyanobacteria,Cyanobacteriia,Cyanobacteriales,Coleofasciculaceae,Caldora_VP642b,Higher in Turf mimic
Acropora,Macroalgae mimic,Amansia,577df33c2b7f3db91c03241266ef364d,7.711281865,22.28314214,5.430020687,4.103693783,4.07E-05,0.000552984,d__Bacteria,Cyanobacteria,Cyanobacteriia,Cyanobacteriales,Coleofasciculaceae,Caldora_VP642b,Higher in Macroalgea mimic
Acropora,Macroalgae mimic,Sargassum,577df33c2b7f3db91c03241266ef364d,7.711281865,28.47849088,5.430346535,5.244322936,1.57E-07,5.61E-06,d__Bacteria,Cyanobacteria,Cyanobacteriia,Cyanobacteriales,Coleofasciculaceae,Caldora_VP642b,Higher in Macroalge mimic
Acropora,Macroalgae mimic,S nigricans,577df33c2b7f3db91c03241266ef364d,7.711281865,29.19116261,5.430346535,5.375561655,7.63E-08,2.66E-06,d__Bacteria,Cyanobacteria,Cyanobacteriia,Cyanobacteriales,Coleofasciculaceae,Caldora_VP642b,Higher in Macroalgae mimic
Acropora,Macroalgae mimic,S punctatus,577df33c2b7f3db91c03241266ef364d,7.711281865,29.12411537,5.430346535,5.363214885,8.18E-08,2.85E-06,d__Bacteria,Cyanobacteria,Cyanobacteriia,Cyanobacteriales,Coleofasciculaceae,Caldora_VP642b,Higher in Macroalgae Mimic
Acropora,Turf mimic,Sargassum,577df33c2b7f3db91c03241266ef364d,7.711281865,22.61351302,5.454555948,4.145802745,3.39E-05,0.001461732,d__Bacteria,Cyanobacteria,Cyanobacteriia,Cyanobacteriales,Coleofasciculaceae,Caldora_VP642b,Higher in Turf mimic
Acropora,Turf mimic,S nigricans,577df33c2b7f3db91c03241266ef364d,7.711281865,-23.32618475,5.454555948,-4.276458977,1.90E-05,0.000337419,d__Bacteria,Cyanobacteria,Cyanobacteriia,Cyanobacteriales,Coleofasciculaceae,Caldora_VP642b,Higher in Turf mimic
Acropora,Turf mimic,S punctatus,577df33c2b7f3db91c03241266ef364d,7.711281865,-23.25913751,5.454555948,-4.264167007,2.01E-05,0.000348341,d__Bacteria,Cyanobacteria,Cyanobacteriia,Cyanobacteriales,Coleofasciculaceae,Caldora_VP642b,Higher in Turf mimic
Acropora,Empty,S punctatus,6db3e9ec9e15e18bfc098d2d73b990e1,2.042904608,-27.50775841,5.430898972,-5.065046976,4.08E-07,1.10E-05,d__Bacteria,Bacteroidota,Bacteroidia,Bacteroidales,Marinilabiliaceae,Carboxylicivirga,Higher in S punctatuss
Acropora,Macroalgae mimic,S nigricans,6db3e9ec9e15e18bfc098d2d73b990e1,2.042904608,-21.10915362,5.4618738,-3.864818997,0.000111172,0.002417983,d__Bacteria,Bacteroidota,Bacteroidia,Bacteroidales,Marinilabiliaceae,Carboxylicivirga,Higher in S nigricans
Acropora,Macroalgae mimic,S punctatus,6db3e9ec9e15e18bfc098d2d73b990e1,2.042904608,-27.96618551,5.430898972,-5.14945788,2.61E-07,8.26E-06,d__Bacteria,Bacteroidota,Bacteroidia,Bacteroidales,Marinilabiliaceae,Carboxylicivirga,Higher in S punctatus
Acropora,Turf mimic,S nigricans,6db3e9ec9e15e18bfc098d2d73b990e1,2.042904608,20.43345228,5.4618738,3.741106628,0.000183212,0.002489525,d__Bacteria,Bacteroidota,Bacteroidia,Bacteroidales,Marinilabiliaceae,Carboxylicivirga,Higher in S nigricans
Acropora,Turf mimic,S punctatus,6db3e9ec9e15e18bfc098d2d73b990e1,2.042904608,27.29048416,5.430898972,5.025039925,5.03E-07,1.06E-05,d__Bacteria,Bacteroidota,Bacteroidia,Bacteroidales,Marinilabiliaceae,Carboxylicivirga,Higher in S punctatus
Acropora,Amansia,S punctatus,6db3e9ec9e15e18bfc098d2d73b990e1,2.042904608,20.52335472,5.430573124,3.779224449,0.000157318,0.004724737,d__Bacteria,Bacteroidota,Bacteroidia,Bacteroidales,Marinilabiliaceae,Carboxylicivirga,Higher in S punctatus
Acropora,Sargassum,S nigricans,6db3e9ec9e15e18bfc098d2d73b990e1,2.042904608,-20.79787101,5.4618738,-3.807827089,0.000140193,0.011846329,d__Bacteria,Bacteroidota,Bacteroidia,Bacteroidales,Marinilabiliaceae,Carboxylicivirga,Higher in S nigricans
Acropora,Empty,Macroalgae mimic,2fb05caa3ebcf591e04f34a70b22373b,16.53237981,-18.0799166,2.292137394,-7.887797934,3.08E-15,6.93E-13,d__Bacteria,Proteobacteria,Alphaproteobacteria,Rhizobiales,Rhizobiaceae,Cohaesibacter,Higher in Macroalgae Mimic
Acropora,Empty,Turf mimic,2fb05caa3ebcf591e04f34a70b22373b,16.53237981,-21.21410748,2.250641442,-9.425805051,4.27E-21,5.53E-19,d__Bacteria,Proteobacteria,Alphaproteobacteria,Rhizobiales,Rhizobiaceae,Cohaesibacter,Higher in Turf mimic
Acropora,Empty,Amansia,2fb05caa3ebcf591e04f34a70b22373b,16.53237981,-22.9348249,2.244344289,-10.21894235,1.63E-24,1.10E-22,d__Bacteria,Proteobacteria,Alphaproteobacteria,Rhizobiales,Rhizobiaceae,Cohaesibacter,Higher in Amansia
Acropora,Empty,Sargassum,2fb05caa3ebcf591e04f34a70b22373b,16.53237981,-20.08379762,2.257690333,-8.89572734,5.80E-19,2.96E-17,d__Bacteria,Proteobacteria,Alphaproteobacteria,Rhizobiales,Rhizobiaceae,Cohaesibacter,Higher in Sargassum
Acropora,Empty,S nigricans,2fb05caa3ebcf591e04f34a70b22373b,16.53237981,-23.60781282,2.242799276,-10.526048,6.55E-26,2.70E-24,d__Bacteria,Proteobacteria,Alphaproteobacteria,Rhizobiales,Rhizobiaceae,Cohaesibacter,Higher in S nigricans
Acropora,Empty,S punctatus,2fb05caa3ebcf591e04f34a70b22373b,16.53237981,-23.93567637,2.242570006,-10.67332405,1.36E-26,7.33E-25,d__Bacteria,Proteobacteria,Alphaproteobacteria,Rhizobiales,Rhizobiaceae,Cohaesibacter,Higher in S punctatuss
Acropora,Macroalgae mimic,Amansia,65765867e53b3a4f712070e403f22a79,53.6994354,3.078814837,0.901331058,3.415853487,0.000635824,0.007105963,d__Bacteria,Cyanobacteria,Cyanobacteriia,Cyanobacteriales,Cyanobacteriaceae,Cyanobacterium_CLg1,Higher in Macroalgea mimic
Acropora,Macroalgae mimic,S nigricans,65765867e53b3a4f712070e403f22a79,53.6994354,2.637960517,0.897393608,2.93958024,0.003286572,0.049727257,d__Bacteria,Cyanobacteria,Cyanobacteriia,Cyanobacteriales,Cyanobacteriaceae,Cyanobacterium_CLg1,Higher in Macroalgae mimic
Acropora,Empty,Amansia,cd7ad6927451bee179bbb7f602dad5ba,13.60190921,14.10376472,2.725498099,5.174747591,2.28E-07,5.60E-06,d__Bacteria,Desulfobacterota,Desulfobacteria,Desulfobacterales,Desulfobacteraceae,Desulfobacter,Higher in Empty
Acropora,Macroalgae mimic,Amansia,cd7ad6927451bee179bbb7f602dad5ba,13.60190921,15.80446919,2.696630378,5.860821459,4.61E-09,8.54E-08,d__Bacteria,Desulfobacterota,Desulfobacteria,Desulfobacterales,Desulfobacteraceae,Desulfobacter,Higher in Macroalgea mimic
Acropora,Turf mimic,Amansia,cd7ad6927451bee179bbb7f602dad5ba,13.60190921,20.76391891,2.664611616,7.792474814,6.57E-15,6.25E-13,d__Bacteria,Desulfobacterota,Desulfobacteria,Desulfobacterales,Desulfobacteraceae,Desulfobacter,Higher in Turf mimic
Acropora,Amansia,Sargassum,cd7ad6927451bee179bbb7f602dad5ba,13.60190921,16.90509364,2.682374756,6.302286284,2.93E-10,3.30E-08,d__Bacteria,Desulfobacterota,Desulfobacteria,Desulfobacterales,Desulfobacteraceae,Desulfobacter,Higher in Sargassum
Acropora,Amansia,S nigricans,cd7ad6927451bee179bbb7f602dad5ba,13.60190921,-19.5200688,2.665026567,-7.324530659,2.40E-13,9.78E-12,d__Bacteria,Desulfobacterota,Desulfobacteria,Desulfobacterales,Desulfobacteraceae,Desulfobacter,Higher in S nigricans
Acropora,Amansia,S punctatus,cd7ad6927451bee179bbb7f602dad5ba,13.60190921,21.34717335,2.663522438,8.014639953,1.10E-15,1.49E-13,d__Bacteria,Desulfobacterota,Desulfobacteria,Desulfobacterales,Desulfobacteraceae,Desulfobacter,Higher in S punctatus
Acropora,Empty,S punctatus,441a3aaeda8bacfd1aa3e30ae9068ba2,7.350769176,-7.528088685,2.530602343,-2.974820878,0.002931597,0.039576556,d__Bacteria,Desulfobacterota,Desulfobulbia,Desulfobulbales,Desulfobulbaceae,Desulfobulbus,Higher in S punctatuss
Acropora,Macroalgae mimic,S punctatus,441a3aaeda8bacfd1aa3e30ae9068ba2,7.350769176,-7.284834782,2.524855925,-2.885247712,0.003911058,0.048608863,d__Bacteria,Desulfobacterota,Desulfobulbia,Desulfobulbales,Desulfobulbaceae,Desulfobulbus,Higher in S punctatus
Acropora,Turf mimic,S punctatus,441a3aaeda8bacfd1aa3e30ae9068ba2,7.350769176,7.251423632,2.530975072,2.865071139,0.004169156,0.040128124,d__Bacteria,Desulfobacterota,Desulfobulbia,Desulfobulbales,Desulfobulbaceae,Desulfobulbus,Higher in S punctatus
Acropora,Sargassum,S punctatus,441a3aaeda8bacfd1aa3e30ae9068ba2,7.350769176,-7.554298821,2.529387741,-2.986611621,0.002820878,0.046544493,d__Bacteria,Desulfobacterota,Desulfobulbia,Desulfobulbales,Desulfobulbaceae,Desulfobulbus,Higher in S punctatus
Acropora,Empty,Amansia,6d71ec70dab817d57bd8ffd5d5288452,26.40221725,-19.47655376,2.32167206,-8.38902018,4.90E-17,1.89E-15,d__Bacteria,Desulfobacterota,Desulfobulbia,Desulfobulbales,Desulfocapsaceae,Desulfopila,Higher in Amansia
Acropora,Empty,Sargassum,6d71ec70dab817d57bd8ffd5d5288452,26.40221725,-18.30963148,2.347271369,-7.800389733,6.17E-15,2.10E-13,d__Bacteria,Desulfobacterota,Desulfobulbia,Desulfobulbales,Desulfocapsaceae,Desulfopila,Higher in Sargassum
Acropora,Empty,S nigricans,6d71ec70dab817d57bd8ffd5d5288452,26.40221725,-23.81628816,2.294182265,-10.38116654,3.02E-25,9.97E-24,d__Bacteria,Desulfobacterota,Desulfobulbia,Desulfobulbales,Desulfocapsaceae,Desulfopila,Higher in S nigricans
Acropora,Empty,S punctatus,6d71ec70dab817d57bd8ffd5d5288452,26.40221725,-25.71106179,2.293570341,-11.21006028,3.64E-29,2.46E-27,d__Bacteria,Desulfobacterota,Desulfobulbia,Desulfobulbales,Desulfocapsaceae,Desulfopila,Higher in S punctatuss
Acropora,Empty,S punctatus,68bf6db30b65cec6f25986645cda4e72,9.787491887,-7.592654387,2.602815252,-2.917093091,0.003533103,0.043360811,d__Bacteria,Desulfobacterota,Desulfobulbia,Desulfobulbales,Desulfocapsaceae,Desulfopila,Higher in S punctatuss
Acropora,Empty,S punctatus,d25248861c7c63f65e565bf5d6a4acf5,6.583158331,-7.43793667,2.43042066,-3.060349507,0.002210788,0.033161825,d__Bacteria,Desulfobacterota,Desulfobulbia,Desulfobulbales,Desulfocapsaceae,Desulfopila,Higher in S punctatuss
Acropora,Macroalgae mimic,Amansia,6d71ec70dab817d57bd8ffd5d5288452,26.40221725,-20.81990841,2.32167206,-8.967635342,3.03E-19,1.24E-17,d__Bacteria,Desulfobacterota,Desulfobulbia,Desulfobulbales,Desulfocapsaceae,Desulfopila,Higher in Amansia
Acropora,Macroalgae mimic,Sargassum,6d71ec70dab817d57bd8ffd5d5288452,26.40221725,-19.65298614,2.347271369,-8.372694525,5.63E-17,3.02E-15,d__Bacteria,Desulfobacterota,Desulfobulbia,Desulfobulbales,Desulfocapsaceae,Desulfopila,Higher in Sargassum
Acropora,Macroalgae mimic,S nigricans,6d71ec70dab817d57bd8ffd5d5288452,26.40221725,-25.15964282,2.294182265,-10.9667149,5.52E-28,3.84E-26,d__Bacteria,Desulfobacterota,Desulfobulbia,Desulfobulbales,Desulfocapsaceae,Desulfopila,Higher in S nigricans
Acropora,Macroalgae mimic,S punctatus,6d71ec70dab817d57bd8ffd5d5288452,26.40221725,-27.05441645,2.293570341,-11.79576486,4.10E-32,3.57E-30,d__Bacteria,Desulfobacterota,Desulfobulbia,Desulfobulbales,Desulfocapsaceae,Desulfopila,Higher in S punctatus
Acropora,Macroalgae mimic,S punctatus,68bf6db30b65cec6f25986645cda4e72,9.787491887,-7.935298628,2.601148988,-3.050689778,0.002283163,0.033105869,d__Bacteria,Desulfobacterota,Desulfobulbia,Desulfobulbales,Desulfocapsaceae,Desulfopila,Higher in S punctatus
Acropora,Macroalgae mimic,S punctatus,d25248861c7c63f65e565bf5d6a4acf5,6.583158331,-7.78118734,2.428634279,-3.2039354,0.001355629,0.022464708,d__Bacteria,Desulfobacterota,Desulfobulbia,Desulfobulbales,Desulfocapsaceae,Desulfopila,Higher in S punctatus
Acropora,Turf mimic,Amansia,6d71ec70dab817d57bd8ffd5d5288452,26.40221725,-18.60406231,2.32167206,-8.013217124,1.12E-15,1.28E-13,d__Bacteria,Desulfobacterota,Desulfobulbia,Desulfobulbales,Desulfocapsaceae,Desulfopila,Higher in Amansia
Acropora,Turf mimic,Sargassum,6d71ec70dab817d57bd8ffd5d5288452,26.40221725,-17.43714003,2.347271369,-7.42868518,1.10E-13,6.31E-12,d__Bacteria,Desulfobacterota,Desulfobulbia,Desulfobulbales,Desulfocapsaceae,Desulfopila,Higher in Sargassum
Acropora,Turf mimic,S nigricans,6d71ec70dab817d57bd8ffd5d5288452,26.40221725,22.94379671,2.294182265,10.00086047,1.51E-23,4.99E-22,d__Bacteria,Desulfobacterota,Desulfobulbia,Desulfobulbales,Desulfocapsaceae,Desulfopila,Higher in S nigricans
Acropora,Turf mimic,S punctatus,d25248861c7c63f65e565bf5d6a4acf5,6.583158331,7.161202197,2.430808694,2.946016367,0.003218954,0.033799014,d__Bacteria,Desulfobacterota,Desulfobulbia,Desulfobulbales,Desulfocapsaceae,Desulfopila,Higher in S punctatus
Acropora,Turf mimic,S punctatus,68bf6db30b65cec6f25986645cda4e72,9.787491887,7.316035546,2.60317771,2.810424935,0.004947613,0.045715943,d__Bacteria,Desulfobacterota,Desulfobulbia,Desulfobulbales,Desulfocapsaceae,Desulfopila,Higher in S punctatus
Acropora,Turf mimic,S punctatus,6d71ec70dab817d57bd8ffd5d5288452,26.40221725,24.83857034,2.293570341,10.82965274,2.49E-27,9.59E-26,d__Bacteria,Desulfobacterota,Desulfobulbia,Desulfobulbales,Desulfocapsaceae,Desulfopila,Higher in S punctatus
Acropora,Sargassum,S punctatus,6d71ec70dab817d57bd8ffd5d5288452,26.40221725,-7.401430308,2.272383833,-3.25712153,0.001125482,0.023213073,d__Bacteria,Desulfobacterota,Desulfobulbia,Desulfobulbales,Desulfocapsaceae,Desulfopila,Higher in S punctatus
Acropora,Empty,Macroalgae mimic,f39bed52afc4c6a23b9342ec73515a0c,4.710124713,18.70583895,3.176872639,5.888129955,3.91E-09,6.60E-07,d__Bacteria,Desulfobacterota,Desulfovibrionia,Desulfovibrionales,Desulfovibrionaceae,Desulfovibrio,Higher in Empty
Acropora,Empty,Sargassum,f39bed52afc4c6a23b9342ec73515a0c,4.710124713,18.11584707,3.176872639,5.702415278,1.18E-08,3.01E-07,d__Bacteria,Desulfobacterota,Desulfovibrionia,Desulfovibrionales,Desulfovibrionaceae,Desulfovibrio,Higher in Empty
Acropora,Macroalgae mimic,Turf mimic,f39bed52afc4c6a23b9342ec73515a0c,4.710124713,21.23983175,3.145765798,6.751879547,1.46E-11,3.29E-09,d__Bacteria,Desulfobacterota,Desulfovibrionia,Desulfovibrionales,Desulfovibrionaceae,Desulfovibrio,Higher in Turf mimic
Acropora,Macroalgae mimic,Amansia,f39bed52afc4c6a23b9342ec73515a0c,4.710124713,-23.08287325,3.138899967,-7.353809772,1.93E-13,5.61E-12,d__Bacteria,Desulfobacterota,Desulfovibrionia,Desulfovibrionales,Desulfovibrionaceae,Desulfovibrio,Higher in Amansia
Acropora,Macroalgae mimic,S nigricans,f39bed52afc4c6a23b9342ec73515a0c,4.710124713,-19.91154541,3.148707599,-6.32372006,2.55E-10,9.87E-09,d__Bacteria,Desulfobacterota,Desulfovibrionia,Desulfovibrionales,Desulfovibrionaceae,Desulfovibrio,Higher in S nigricans
Acropora,Macroalgae mimic,S punctatus,f39bed52afc4c6a23b9342ec73515a0c,4.710124713,-22.12345943,3.13905068,-7.047818493,1.82E-12,7.91E-11,d__Bacteria,Desulfobacterota,Desulfovibrionia,Desulfovibrionales,Desulfovibrionaceae,Desulfovibrio,Higher in S punctatus
Acropora,Turf mimic,Sargassum,f39bed52afc4c6a23b9342ec73515a0c,4.710124713,20.64983988,3.145765798,6.564328434,5.23E-11,2.71E-09,d__Bacteria,Desulfobacterota,Desulfovibrionia,Desulfovibrionales,Desulfovibrionaceae,Desulfovibrio,Higher in Turf mimic
Acropora,Amansia,Sargassum,f39bed52afc4c6a23b9342ec73515a0c,4.710124713,-22.49288137,3.138899967,-7.165848421,7.73E-13,1.31E-10,d__Bacteria,Desulfobacterota,Desulfovibrionia,Desulfovibrionales,Desulfovibrionaceae,Desulfovibrio,Higher in Amansia
Acropora,Sargassum,S nigricans,f39bed52afc4c6a23b9342ec73515a0c,4.710124713,-19.32155353,3.148707599,-6.136344174,8.44E-10,1.14E-07,d__Bacteria,Desulfobacterota,Desulfovibrionia,Desulfovibrionales,Desulfovibrionaceae,Desulfovibrio,Higher in S nigricans
Acropora,Sargassum,S punctatus,f39bed52afc4c6a23b9342ec73515a0c,4.710124713,-21.53346756,3.13905068,-6.859866167,6.89E-12,2.84E-10,d__Bacteria,Desulfobacterota,Desulfovibrionia,Desulfovibrionales,Desulfovibrionaceae,Desulfovibrio,Higher in S punctatus
Acropora,Empty,Amansia,3d9766f18d119feca7588a3ec124b2f8,92.77929845,-4.703919008,1.487608764,-3.162067286,0.001566534,0.022261267,d__Bacteria,Bacteroidota,Bacteroidia,Cytophagales,Cyclobacteriaceae,Ekhidna,Higher in Amansia
Acropora,Empty,S nigricans,9ddae85cbb1be2a69b570245ff86e26c,183.798698,21.93517425,2.444933418,8.971685728,2.92E-19,8.03E-18,d__Bacteria,Proteobacteria,Gammaproteobacteria,Oceanospirillales,Endozoicomonadaceae,Endozoicomonas,Higher in Empty
Acropora,Macroalgae mimic,S nigricans,9ddae85cbb1be2a69b570245ff86e26c,183.798698,27.1013474,2.437725307,11.11747387,1.03E-28,8.97E-27,d__Bacteria,Proteobacteria,Gammaproteobacteria,Oceanospirillales,Endozoicomonadaceae,Endozoicomonas,Higher in Macroalgae mimic
Acropora,Macroalgae mimic,S punctatus,9ddae85cbb1be2a69b570245ff86e26c,183.798698,9.015033003,2.416002587,3.731383837,0.000190431,0.003487891,d__Bacteria,Proteobacteria,Gammaproteobacteria,Oceanospirillales,Endozoicomonadaceae,Endozoicomonas,Higher in Macroalgae Mimic
Acropora,Turf mimic,S nigricans,9ddae85cbb1be2a69b570245ff86e26c,183.798698,-27.71328022,2.43771995,-11.36852501,6.00E-30,2.77E-28,d__Bacteria,Proteobacteria,Gammaproteobacteria,Oceanospirillales,Endozoicomonadaceae,Endozoicomonas,Higher in Turf mimic
Acropora,Turf mimic,S punctatus,9ddae85cbb1be2a69b570245ff86e26c,183.798698,-9.626965818,2.415997181,-3.984675931,6.76E-05,0.000975575,d__Bacteria,Proteobacteria,Gammaproteobacteria,Oceanospirillales,Endozoicomonadaceae,Endozoicomonas,Higher in Turf mimic
Acropora,Amansia,S nigricans,9ddae85cbb1be2a69b570245ff86e26c,183.798698,23.49101819,2.440331357,9.626159218,6.20E-22,1.26E-19,d__Bacteria,Proteobacteria,Gammaproteobacteria,Oceanospirillales,Endozoicomonadaceae,Endozoicomonas,Higher in Amansia
Acropora,Sargassum,S nigricans,9ddae85cbb1be2a69b570245ff86e26c,183.798698,28.72847079,2.437623905,11.78544021,4.64E-32,1.05E-29,d__Bacteria,Proteobacteria,Gammaproteobacteria,Oceanospirillales,Endozoicomonadaceae,Endozoicomonas,Higher in Sargassum
Acropora,Sargassum,S punctatus,9ddae85cbb1be2a69b570245ff86e26c,183.798698,10.64215639,2.415900272,4.405047888,1.06E-05,0.000290841,d__Bacteria,Proteobacteria,Gammaproteobacteria,Oceanospirillales,Endozoicomonadaceae,Endozoicomonas,Higher in Sargassum
Acropora,S nigricans,S punctatus,9ddae85cbb1be2a69b570245ff86e26c,183.798698,18.0863144,2.486591847,7.273535632,3.50E-13,2.37E-10,d__Bacteria,Proteobacteria,Gammaproteobacteria,Oceanospirillales,Endozoicomonadaceae,Endozoicomonas,Higher in S punctatus
Acropora,Empty,Amansia,6e2b3831ea747f43857e29e97e385700,51.39585722,-23.71923165,1.931732657,-12.2787341,1.18E-34,1.59E-32,d__Bacteria,Proteobacteria,Gammaproteobacteria,Alteromonadales,Shewanellaceae,Ferrimonas,Higher in Amansia
Acropora,Empty,Amansia,520b509232d9bddc117dc977e0540a56,15.04535381,-6.220967856,1.958892012,-3.175758448,0.001494453,0.022261267,d__Bacteria,Proteobacteria,Gammaproteobacteria,Alteromonadales,Shewanellaceae,Ferrimonas,Higher in Amansia
Acropora,Empty,Sargassum,6e2b3831ea747f43857e29e97e385700,51.39585722,-21.34954616,1.937365426,-11.01988601,3.06E-28,3.13E-26,d__Bacteria,Proteobacteria,Gammaproteobacteria,Alteromonadales,Shewanellaceae,Ferrimonas,Higher in Sargassum
Acropora,Empty,S nigricans,6e2b3831ea747f43857e29e97e385700,51.39585722,-24.22418859,1.930824675,-12.54603222,4.18E-36,3.45E-34,d__Bacteria,Proteobacteria,Gammaproteobacteria,Alteromonadales,Shewanellaceae,Ferrimonas,Higher in S nigricans
Acropora,Empty,S nigricans,520b509232d9bddc117dc977e0540a56,15.04535381,-6.321872382,1.958179887,-3.228443119,0.00124466,0.014890625,d__Bacteria,Proteobacteria,Gammaproteobacteria,Alteromonadales,Shewanellaceae,Ferrimonas,Higher in S nigricans
Acropora,Empty,S punctatus,6e2b3831ea747f43857e29e97e385700,51.39585722,-26.29333533,1.930335738,-13.62112031,3.00E-42,8.10E-40,d__Bacteria,Proteobacteria,Gammaproteobacteria,Alteromonadales,Shewanellaceae,Ferrimonas,Higher in S punctatuss
Acropora,Macroalgae mimic,Amansia,6e2b3831ea747f43857e29e97e385700,51.39585722,-24.59652518,1.931732657,-12.73288262,3.88E-37,7.92E-35,d__Bacteria,Proteobacteria,Gammaproteobacteria,Alteromonadales,Shewanellaceae,Ferrimonas,Higher in Amansia
Acropora,Macroalgae mimic,Amansia,520b509232d9bddc117dc977e0540a56,15.04535381,-6.652929206,1.953915374,-3.404921878,0.00066183,0.007105963,d__Bacteria,Proteobacteria,Gammaproteobacteria,Alteromonadales,Shewanellaceae,Ferrimonas,Higher in Amansia
Acropora,Macroalgae mimic,Sargassum,6e2b3831ea747f43857e29e97e385700,51.39585722,-22.22683969,1.937365426,-11.47271412,1.81E-30,1.94E-28,d__Bacteria,Proteobacteria,Gammaproteobacteria,Alteromonadales,Shewanellaceae,Ferrimonas,Higher in Sargassum
Acropora,Macroalgae mimic,S nigricans,6e2b3831ea747f43857e29e97e385700,51.39585722,-25.10148212,1.930824675,-13.00039431,1.22E-38,4.24E-36,d__Bacteria,Proteobacteria,Gammaproteobacteria,Alteromonadales,Shewanellaceae,Ferrimonas,Higher in S nigricans
Acropora,Macroalgae mimic,S nigricans,520b509232d9bddc117dc977e0540a56,15.04535381,-6.753833732,1.953201399,-3.457827613,0.00054455,0.009475165,d__Bacteria,Proteobacteria,Gammaproteobacteria,Alteromonadales,Shewanellaceae,Ferrimonas,Higher in S nigricans
Acropora,Macroalgae mimic,S punctatus,6e2b3831ea747f43857e29e97e385700,51.39585722,-27.17062885,1.930335738,-14.07559748,5.36E-45,1.87E-42,d__Bacteria,Proteobacteria,Gammaproteobacteria,Alteromonadales,Shewanellaceae,Ferrimonas,Higher in S punctatus
Acropora,Turf mimic,Amansia,6e2b3831ea747f43857e29e97e385700,51.39585722,-23.16436957,1.931732657,-11.99149866,3.94E-33,2.25E-30,d__Bacteria,Proteobacteria,Gammaproteobacteria,Alteromonadales,Shewanellaceae,Ferrimonas,Higher in Amansia
Acropora,Turf mimic,Sargassum,6e2b3831ea747f43857e29e97e385700,51.39585722,-20.79468408,1.937365426,-10.73348569,7.09E-27,7.34E-25,d__Bacteria,Proteobacteria,Gammaproteobacteria,Alteromonadales,Shewanellaceae,Ferrimonas,Higher in Sargassum
Acropora,Turf mimic,S nigricans,520b509232d9bddc117dc977e0540a56,15.04535381,5.557720125,1.945042567,2.857377118,0.00427158,0.03654574,d__Bacteria,Proteobacteria,Gammaproteobacteria,Alteromonadales,Shewanellaceae,Ferrimonas,Higher in S nigricans
Acropora,Turf mimic,S nigricans,6e2b3831ea747f43857e29e97e385700,51.39585722,23.66932652,1.930824675,12.25866171,1.51E-34,1.16E-32,d__Bacteria,Proteobacteria,Gammaproteobacteria,Alteromonadales,Shewanellaceae,Ferrimonas,Higher in S nigricans
Acropora,Turf mimic,S punctatus,6e2b3831ea747f43857e29e97e385700,51.39585722,25.73847325,1.930335738,13.33367701,1.47E-40,1.14E-38,d__Bacteria,Proteobacteria,Gammaproteobacteria,Alteromonadales,Shewanellaceae,Ferrimonas,Higher in S punctatus
Acropora,Empty,S punctatus,2d5e89daf1a8443ee12cc722570d38b8,1.454712813,-25.80212911,5.431242987,-4.750685832,2.03E-06,4.98E-05,d__Bacteria,Firmicutes,Clostridia,Peptostreptococcales-Tissierellales,Fusibacteraceae,Fusibacter,Higher in S punctatuss
Acropora,Macroalgae mimic,S punctatus,2d5e89daf1a8443ee12cc722570d38b8,1.454712813,-25.97271209,5.431242987,-4.782093557,1.73E-06,4.02E-05,d__Bacteria,Firmicutes,Clostridia,Peptostreptococcales-Tissierellales,Fusibacteraceae,Fusibacter,Higher in S punctatus
Acropora,Macroalgae mimic,S punctatus,e90fac301a1b1c607130f1fa939f8e5d,7.335603009,-7.512282453,2.57244462,-2.920289283,0.003497066,0.045073295,d__Bacteria,Firmicutes,Clostridia,Peptostreptococcales-Tissierellales,Fusibacteraceae,Fusibacter,Higher in S punctatus
Acropora,Amansia,S punctatus,2d5e89daf1a8443ee12cc722570d38b8,1.454712813,20.52316258,5.430917139,3.77894968,0.000157491,0.004724737,d__Bacteria,Firmicutes,Clostridia,Peptostreptococcales-Tissierellales,Fusibacteraceae,Fusibacter,Higher in S punctatus
Acropora,S nigricans,S punctatus,2d5e89daf1a8443ee12cc722570d38b8,1.454712813,26.1333878,5.431242987,4.811677155,1.50E-06,0.000505881,d__Bacteria,Firmicutes,Clostridia,Peptostreptococcales-Tissierellales,Fusibacteraceae,Fusibacter,Higher in S punctatus
Acropora,Empty,Amansia,f64492676a0f46547871dec179b4869b,9.243333043,13.7048814,2.777022777,4.935098666,8.01E-07,1.66E-05,d__Bacteria,Verrucomicrobiota,Verrucomicrobiae,Verrucomicrobiales,Rubritaleaceae,Haloferula,Higher in Empty
Acropora,Empty,Sargassum,f64492676a0f46547871dec179b4869b,9.243333043,41.23037064,2.777065671,14.84673952,7.30E-50,1.49E-47,d__Bacteria,Verrucomicrobiota,Verrucomicrobiae,Verrucomicrobiales,Rubritaleaceae,Haloferula,Higher in Empty
Acropora,Empty,S punctatus,f64492676a0f46547871dec179b4869b,9.243333043,-7.631975349,2.71434525,-2.811718719,0.004927758,0.049277575,d__Bacteria,Verrucomicrobiota,Verrucomicrobiae,Verrucomicrobiales,Rubritaleaceae,Haloferula,Higher in S punctatuss
Acropora,Macroalgae mimic,Amansia,f64492676a0f46547871dec179b4869b,9.243333043,14.2853134,2.768834462,5.159323751,2.48E-07,3.89E-06,d__Bacteria,Verrucomicrobiota,Verrucomicrobiae,Verrucomicrobiales,Rubritaleaceae,Haloferula,Higher in Macroalgea mimic
Acropora,Macroalgae mimic,Sargassum,f64492676a0f46547871dec179b4869b,9.243333043,41.81080264,2.768877357,15.10027251,1.61E-51,5.19E-49,d__Bacteria,Verrucomicrobiota,Verrucomicrobiae,Verrucomicrobiales,Rubritaleaceae,Haloferula,Higher in Macroalge mimic
Acropora,Turf mimic,Amansia,f64492676a0f46547871dec179b4869b,9.243333043,15.07222417,2.770286829,5.440672789,5.31E-08,3.03E-06,d__Bacteria,Verrucomicrobiota,Verrucomicrobiae,Verrucomicrobiales,Rubritaleaceae,Haloferula,Higher in Turf mimic
Acropora,Turf mimic,Sargassum,f64492676a0f46547871dec179b4869b,9.243333043,42.59771341,2.770329723,15.37640558,2.36E-53,4.07E-51,d__Bacteria,Verrucomicrobiota,Verrucomicrobiae,Verrucomicrobiales,Rubritaleaceae,Haloferula,Higher in Turf mimic
Acropora,Amansia,S nigricans,f64492676a0f46547871dec179b4869b,9.243333043,-18.72489103,2.718183835,-6.888750788,5.63E-12,1.91E-10,d__Bacteria,Verrucomicrobiota,Verrucomicrobiae,Verrucomicrobiales,Rubritaleaceae,Haloferula,Higher in S nigricans
Acropora,Amansia,S punctatus,f64492676a0f46547871dec179b4869b,9.243333043,21.33685675,2.715660989,7.856966255,3.94E-15,3.54E-13,d__Bacteria,Verrucomicrobiota,Verrucomicrobiae,Verrucomicrobiales,Rubritaleaceae,Haloferula,Higher in S punctatus
Acropora,Sargassum,S nigricans,f64492676a0f46547871dec179b4869b,9.243333043,-46.25038027,2.71822674,-17.01490887,6.37E-65,4.30E-62,d__Bacteria,Verrucomicrobiota,Verrucomicrobiae,Verrucomicrobiales,Rubritaleaceae,Haloferula,Higher in S nigricans
Acropora,Sargassum,S punctatus,f64492676a0f46547871dec179b4869b,9.243333043,-48.86234599,2.715703894,-17.99251608,2.23E-72,3.68E-70,d__Bacteria,Verrucomicrobiota,Verrucomicrobiae,Verrucomicrobiales,Rubritaleaceae,Haloferula,Higher in S punctatus
Acropora,Empty,Amansia,ca483f81ecf044c1e17fc0d1cbd08d2a,13.54359773,-23.40769597,2.588663049,-9.042388109,1.53E-19,8.28E-18,d__Bacteria,Fusobacteriota,Fusobacteriia,Fusobacteriales,Leptotrichiaceae,Hypnocyclicus,Higher in Amansia
Acropora,Empty,S nigricans,ca483f81ecf044c1e17fc0d1cbd08d2a,13.54359773,-20.69156099,2.592682229,-7.980754738,1.45E-15,3.43E-14,d__Bacteria,Fusobacteriota,Fusobacteriia,Fusobacteriales,Leptotrichiaceae,Hypnocyclicus,Higher in S nigricans
Acropora,Empty,S punctatus,ca483f81ecf044c1e17fc0d1cbd08d2a,13.54359773,-24.14943692,2.587712408,-9.332349626,1.04E-20,4.66E-19,d__Bacteria,Fusobacteriota,Fusobacteriia,Fusobacteriales,Leptotrichiaceae,Hypnocyclicus,Higher in S punctatuss
Acropora,Macroalgae mimic,Amansia,ca483f81ecf044c1e17fc0d1cbd08d2a,13.54359773,-24.0309714,2.588663049,-9.283159279,1.65E-20,8.39E-19,d__Bacteria,Fusobacteriota,Fusobacteriia,Fusobacteriales,Leptotrichiaceae,Hypnocyclicus,Higher in Amansia
Acropora,Macroalgae mimic,S nigricans,ca483f81ecf044c1e17fc0d1cbd08d2a,13.54359773,-21.31483642,2.592682229,-8.221152664,2.02E-16,1.17E-14,d__Bacteria,Fusobacteriota,Fusobacteriia,Fusobacteriales,Leptotrichiaceae,Hypnocyclicus,Higher in S nigricans
Acropora,Macroalgae mimic,S punctatus,ca483f81ecf044c1e17fc0d1cbd08d2a,13.54359773,-24.77271235,2.587712408,-9.573209248,1.04E-21,7.21E-20,d__Bacteria,Fusobacteriota,Fusobacteriia,Fusobacteriales,Leptotrichiaceae,Hypnocyclicus,Higher in S punctatus
Acropora,Turf mimic,Amansia,ca483f81ecf044c1e17fc0d1cbd08d2a,13.54359773,-22.98107986,2.588663049,-8.877586395,6.83E-19,9.75E-17,d__Bacteria,Fusobacteriota,Fusobacteriia,Fusobacteriales,Leptotrichiaceae,Hypnocyclicus,Higher in Amansia
Acropora,Turf mimic,S nigricans,ca483f81ecf044c1e17fc0d1cbd08d2a,13.54359773,20.26494488,2.592682229,7.816208499,5.44E-15,1.57E-13,d__Bacteria,Fusobacteriota,Fusobacteriia,Fusobacteriales,Leptotrichiaceae,Hypnocyclicus,Higher in S nigricans
Acropora,Turf mimic,S punctatus,ca483f81ecf044c1e17fc0d1cbd08d2a,13.54359773,23.72282081,2.587712408,9.167487369,4.84E-20,1.60E-18,d__Bacteria,Fusobacteriota,Fusobacteriia,Fusobacteriales,Leptotrichiaceae,Hypnocyclicus,Higher in S punctatus
Acropora,Amansia,Sargassum,ca483f81ecf044c1e17fc0d1cbd08d2a,13.54359773,-23.53926368,2.588663049,-9.093212686,9.62E-20,3.25E-17,d__Bacteria,Fusobacteriota,Fusobacteriia,Fusobacteriales,Leptotrichiaceae,Hypnocyclicus,Higher in Amansia
Acropora,Sargassum,S nigricans,ca483f81ecf044c1e17fc0d1cbd08d2a,13.54359773,-20.82312869,2.592682229,-8.031500526,9.63E-16,1.63E-13,d__Bacteria,Fusobacteriota,Fusobacteriia,Fusobacteriales,Leptotrichiaceae,Hypnocyclicus,Higher in S nigricans
Acropora,Sargassum,S punctatus,ca483f81ecf044c1e17fc0d1cbd08d2a,13.54359773,-24.28100462,2.587712408,-9.383192874,6.40E-21,3.52E-19,d__Bacteria,Fusobacteriota,Fusobacteriia,Fusobacteriales,Leptotrichiaceae,Hypnocyclicus,Higher in S punctatus
Acropora,Empty,S nigricans,17442af246906f749b0546a232d636df,10.53759686,-5.734939451,1.829036662,-3.135497264,0.00171563,0.017692437,d__Bacteria,Proteobacteria,Alphaproteobacteria,Kordiimonadales,Kordiimonadaceae,Kordiimonas,Higher in S nigricans
Acropora,Macroalgae mimic,S nigricans,17442af246906f749b0546a232d636df,10.53759686,-6.164086068,1.830596371,-3.367255702,0.000759203,0.012581071,d__Bacteria,Proteobacteria,Alphaproteobacteria,Kordiimonadales,Kordiimonadaceae,Kordiimonas,Higher in S nigricans
Acropora,Turf mimic,S nigricans,17442af246906f749b0546a232d636df,10.53759686,5.715930361,1.835388585,3.114288934,0.001843888,0.020282771,d__Bacteria,Proteobacteria,Alphaproteobacteria,Kordiimonadales,Kordiimonadaceae,Kordiimonas,Higher in S nigricans
Acropora,Empty,S nigricans,196adb927240da3a42cba7cf186e5aa9,109.1921405,-5.008246357,1.562189094,-3.20591558,0.001346335,0.014890625,d__Bacteria,Proteobacteria,Gammaproteobacteria,Oceanospirillales,Nitrincolaceae,Neptuniibacter,Higher in S nigricans
Acropora,Empty,S punctatus,196adb927240da3a42cba7cf186e5aa9,109.1921405,-6.720449263,1.561965027,-4.302560651,1.69E-05,0.00037988,d__Bacteria,Proteobacteria,Gammaproteobacteria,Oceanospirillales,Nitrincolaceae,Neptuniibacter,Higher in S punctatuss
Acropora,Macroalgae mimic,Amansia,196adb927240da3a42cba7cf186e5aa9,109.1921405,-6.558103515,1.614008847,-4.063238889,4.84E-05,0.000617055,d__Bacteria,Proteobacteria,Gammaproteobacteria,Oceanospirillales,Nitrincolaceae,Neptuniibacter,Higher in Amansia
Acropora,Macroalgae mimic,Sargassum,196adb927240da3a42cba7cf186e5aa9,109.1921405,-5.729703409,1.614597908,-3.548687497,0.000387156,0.011333119,d__Bacteria,Proteobacteria,Gammaproteobacteria,Oceanospirillales,Nitrincolaceae,Neptuniibacter,Higher in Sargassum
Acropora,Macroalgae mimic,S nigricans,196adb927240da3a42cba7cf186e5aa9,109.1921405,-7.450554363,1.61334254,-4.618085856,3.87E-06,9.63E-05,d__Bacteria,Proteobacteria,Gammaproteobacteria,Oceanospirillales,Nitrincolaceae,Neptuniibacter,Higher in S nigricans
Acropora,Macroalgae mimic,S punctatus,196adb927240da3a42cba7cf186e5aa9,109.1921405,-9.16275727,1.613125578,-5.680126455,1.35E-08,5.20E-07,d__Bacteria,Proteobacteria,Gammaproteobacteria,Oceanospirillales,Nitrincolaceae,Neptuniibacter,Higher in S punctatus
Acropora,Turf mimic,Amansia,196adb927240da3a42cba7cf186e5aa9,109.1921405,-5.525131322,1.596413094,-3.460965926,0.000538241,0.023641198,d__Bacteria,Proteobacteria,Gammaproteobacteria,Oceanospirillales,Nitrincolaceae,Neptuniibacter,Higher in Amansia
Acropora,Turf mimic,S nigricans,196adb927240da3a42cba7cf186e5aa9,109.1921405,6.41758217,1.595739354,4.02169825,5.78E-05,0.000889813,d__Bacteria,Proteobacteria,Gammaproteobacteria,Oceanospirillales,Nitrincolaceae,Neptuniibacter,Higher in S nigricans
Acropora,Turf mimic,S punctatus,196adb927240da3a42cba7cf186e5aa9,109.1921405,8.129785076,1.595519999,5.095382748,3.48E-07,8.04E-06,d__Bacteria,Proteobacteria,Gammaproteobacteria,Oceanospirillales,Nitrincolaceae,Neptuniibacter,Higher in S punctatus
Acropora,Turf mimic,S nigricans,c0306e4522347997cefd07060fb5c8d5,6.688601191,5.981543039,1.953944247,3.061265974,0.002204032,0.023142337,d__Bacteria,Proteobacteria,Gammaproteobacteria,Vibrionales,Vibrionaceae,Photobacterium,Higher in S nigricans
Acropora,Turf mimic,S punctatus,c0306e4522347997cefd07060fb5c8d5,6.688601191,5.697768603,1.954231359,2.915605963,0.003549985,0.035654201,d__Bacteria,Proteobacteria,Gammaproteobacteria,Vibrionales,Vibrionaceae,Photobacterium,Higher in S punctatus
Acropora,Macroalgae mimic,S punctatus,78f25f129a63e7d01880ac8cfada0681,8.372002877,7.091741863,2.320992369,3.05547832,0.002247018,0.033105869,d__Bacteria,Proteobacteria,Gammaproteobacteria,Alteromonadales,Pseudoalteromonadaceae,Pseudoalteromonas,Higher in Macroalgae Mimic
Acropora,Sargassum,S punctatus,78f25f129a63e7d01880ac8cfada0681,8.372002877,7.352902099,2.321051601,3.167918411,0.001535346,0.02814801,d__Bacteria,Proteobacteria,Gammaproteobacteria,Alteromonadales,Pseudoalteromonadaceae,Pseudoalteromonas,Higher in Sargassum
Acropora,Empty,S punctatus,b4ac4f0dfa63623df022eb799152dcca,4.69012193,-6.020989387,2.139874667,-2.813711232,0.00489732,0.049277575,d__Bacteria,Verrucomicrobiota,Kiritimatiellae,Kiritimatiellales,Kiritimatiellaceae,R76-B128,Higher in S punctatuss
Acropora,Macroalgae mimic,S punctatus,b4ac4f0dfa63623df022eb799152dcca,4.69012193,-7.020062341,2.140293621,-3.279952933,0.001038244,0.018065447,d__Bacteria,Verrucomicrobiota,Kiritimatiellae,Kiritimatiellales,Kiritimatiellaceae,R76-B128,Higher in S punctatus
Acropora,Empty,S punctatus,d4e67388ffb1ab0c6afc9f9421c47742,11.25646955,-8.187756885,2.078987308,-3.938339044,8.20E-05,0.001582347,d__Bacteria,Desulfobacterota,Desulfobulbia,Desulfobulbales,Desulfocapsaceae,SEEP-SRB4,Higher in S punctatuss
Acropora,Macroalgae mimic,S punctatus,d4e67388ffb1ab0c6afc9f9421c47742,11.25646955,-8.532703828,2.07689271,-4.108398949,3.98E-05,0.000815572,d__Bacteria,Desulfobacterota,Desulfobulbia,Desulfobulbales,Desulfocapsaceae,SEEP-SRB4,Higher in S punctatus
Acropora,Turf mimic,S punctatus,d4e67388ffb1ab0c6afc9f9421c47742,11.25646955,7.910701066,2.07944048,3.804245008,0.000142237,0.001932755,d__Bacteria,Desulfobacterota,Desulfobulbia,Desulfobulbales,Desulfocapsaceae,SEEP-SRB4,Higher in S punctatus
Acropora,Empty,Macroalgae mimic,686bf3460964f0c6ea457510095c339e,42.18313619,-21.95027548,5.430873159,-4.041758081,5.31E-05,0.00448289,d__Bacteria,Firmicutes,Bacilli,Entomoplasmatales,Spiroplasmataceae,Spiroplasma,Higher in Macroalgae Mimic
Acropora,Empty,Turf mimic,686bf3460964f0c6ea457510095c339e,42.18313619,-24.54468885,5.430234183,-4.520005588,6.18E-06,0.000457601,d__Bacteria,Firmicutes,Bacilli,Entomoplasmatales,Spiroplasmataceae,Spiroplasma,Higher in Turf mimic
Acropora,Empty,Amansia,686bf3460964f0c6ea457510095c339e,42.18313619,-19.50044074,5.436014629,-3.587267893,0.000334161,0.005638966,d__Bacteria,Firmicutes,Bacilli,Entomoplasmatales,Spiroplasmataceae,Spiroplasma,Higher in Amansia
Acropora,Empty,Sargassum,686bf3460964f0c6ea457510095c339e,42.18313619,-24.823811,5.430168529,-4.571462352,4.84E-06,0.000109782,d__Bacteria,Firmicutes,Bacilli,Entomoplasmatales,Spiroplasmataceae,Spiroplasma,Higher in Sargassum
Acropora,Empty,S punctatus,686bf3460964f0c6ea457510095c339e,42.18313619,-19.5253329,5.433341032,-3.59361446,0.000326122,0.005870201,d__Bacteria,Firmicutes,Bacilli,Entomoplasmatales,Spiroplasmataceae,Spiroplasma,Higher in S punctatuss
Acropora,Macroalgae mimic,S nigricans,686bf3460964f0c6ea457510095c339e,42.18313619,24.69190817,5.430873159,4.546581636,5.45E-06,0.000126496,d__Bacteria,Firmicutes,Bacilli,Entomoplasmatales,Spiroplasmataceae,Spiroplasma,Higher in Macroalgae mimic
Acropora,Turf mimic,S nigricans,686bf3460964f0c6ea457510095c339e,42.18313619,-27.28632154,5.430234183,-5.024888545,5.04E-07,1.16E-05,d__Bacteria,Firmicutes,Bacilli,Entomoplasmatales,Spiroplasmataceae,Spiroplasma,Higher in Turf mimic
Acropora,Amansia,S nigricans,686bf3460964f0c6ea457510095c339e,42.18313619,22.24207344,5.436014629,4.091613978,4.28E-05,0.000970998,d__Bacteria,Firmicutes,Bacilli,Entomoplasmatales,Spiroplasmataceae,Spiroplasma,Higher in Amansia
Acropora,Sargassum,S nigricans,686bf3460964f0c6ea457510095c339e,42.18313619,27.56544369,5.430168529,5.076351414,3.85E-07,4.33E-05,d__Bacteria,Firmicutes,Bacilli,Entomoplasmatales,Spiroplasmataceae,Spiroplasma,Higher in Sargassum
Acropora,S nigricans,S punctatus,686bf3460964f0c6ea457510095c339e,42.18313619,22.2669656,5.433341032,4.09820872,4.16E-05,0.009381973,d__Bacteria,Firmicutes,Bacilli,Entomoplasmatales,Spiroplasmataceae,Spiroplasma,Higher in S punctatus
Acropora,Empty,S nigricans,1181e1ba6eb8585afe59d169d4b7461b,32.32865505,3.51401859,1.138004321,3.087878072,0.002015912,0.019566201,d__Bacteria,Cyanobacteria,Cyanobacteriia,Cyanobacteriales,Cyanobacteriaceae,Symphothece_PCC-7002,Higher in Empty
Acropora,Macroalgae mimic,S nigricans,1181e1ba6eb8585afe59d169d4b7461b,32.32865505,4.050154876,1.13716754,3.561616678,0.000368578,0.006750802,d__Bacteria,Cyanobacteria,Cyanobacteriia,Cyanobacteriales,Cyanobacteriaceae,Symphothece_PCC-7002,Higher in Macroalgae mimic
Acropora,Empty,S nigricans,daae0d95d4e3501229f83a0e913f0e8d,212.7237099,-4.467321554,1.329978521,-3.358942632,0.000782413,0.01075818,d__Bacteria,Proteobacteria,Gammaproteobacteria,Alteromonadales,Colwelliaceae,Thalassotalea,Higher in S nigricans
Acropora,Empty,S punctatus,daae0d95d4e3501229f83a0e913f0e8d,212.7237099,-4.540999373,1.329964471,-3.414376452,0.000639282,0.01078788,d__Bacteria,Proteobacteria,Gammaproteobacteria,Alteromonadales,Colwelliaceae,Thalassotalea,Higher in S punctatuss
Acropora,Turf mimic,Amansia,daae0d95d4e3501229f83a0e913f0e8d,212.7237099,-4.655394114,1.337101457,-3.48170596,0.00049823,0.023641198,d__Bacteria,Proteobacteria,Gammaproteobacteria,Alteromonadales,Colwelliaceae,Thalassotalea,Higher in Amansia
Acropora,Turf mimic,Sargassum,daae0d95d4e3501229f83a0e913f0e8d,212.7237099,-4.708378605,1.337052399,-3.521461543,0.000429175,0.015879472,d__Bacteria,Proteobacteria,Gammaproteobacteria,Alteromonadales,Colwelliaceae,Thalassotalea,Higher in Sargassum
Acropora,Turf mimic,S nigricans,daae0d95d4e3501229f83a0e913f0e8d,212.7237099,5.608625293,1.336823218,4.195487644,2.72E-05,0.00044927,d__Bacteria,Proteobacteria,Gammaproteobacteria,Alteromonadales,Colwelliaceae,Thalassotalea,Higher in S nigricans
Acropora,Turf mimic,S punctatus,daae0d95d4e3501229f83a0e913f0e8d,212.7237099,5.682303112,1.33680924,4.250646197,2.13E-05,0.000348341,d__Bacteria,Proteobacteria,Gammaproteobacteria,Alteromonadales,Colwelliaceae,Thalassotalea,Higher in S punctatus
Acropora,Empty,Macroalgae mimic,9d820bd5309cd02f417ed95085a867f7,48.25497902,20.33998689,2.061343173,9.867346281,5.77E-23,3.90E-20,d__Bacteria,Proteobacteria,Gammaproteobacteria,Vibrionales,Vibrionaceae,Vibrio,Higher in Empty
Acropora,Empty,Turf mimic,9d820bd5309cd02f417ed95085a867f7,48.25497902,18.90362085,2.061343173,9.170535548,4.71E-20,4.88E-18,d__Bacteria,Proteobacteria,Gammaproteobacteria,Vibrionales,Vibrionaceae,Vibrio,Higher empty
Acropora,Empty,S punctatus,9d820bd5309cd02f417ed95085a867f7,48.25497902,-6.683110144,1.975557739,-3.382897909,0.000717253,0.011391664,d__Bacteria,Proteobacteria,Gammaproteobacteria,Vibrionales,Vibrionaceae,Vibrio,Higher in S punctatuss
Acropora,Macroalgae mimic,Amansia,9d820bd5309cd02f417ed95085a867f7,48.25497902,-24.48399509,2.038484071,-12.0108837,3.11E-33,3.18E-31,d__Bacteria,Proteobacteria,Gammaproteobacteria,Vibrionales,Vibrionaceae,Vibrio,Higher in Amansia
Acropora,Macroalgae mimic,Sargassum,9d820bd5309cd02f417ed95085a867f7,48.25497902,-24.19956633,2.038646517,-11.8704082,1.69E-32,2.72E-30,d__Bacteria,Proteobacteria,Gammaproteobacteria,Vibrionales,Vibrionaceae,Vibrio,Higher in Sargassum
Acropora,Macroalgae mimic,S nigricans,9d820bd5309cd02f417ed95085a867f7,48.25497902,-24.24071339,2.038001927,-11.89435253,1.27E-32,2.20E-30,d__Bacteria,Proteobacteria,Gammaproteobacteria,Vibrionales,Vibrionaceae,Vibrio,Higher in S nigricans
Acropora,Macroalgae mimic,S punctatus,9d820bd5309cd02f417ed95085a867f7,48.25497902,-27.02309704,2.03708495,-13.26557198,3.67E-40,6.38E-38,d__Bacteria,Proteobacteria,Gammaproteobacteria,Vibrionales,Vibrionaceae,Vibrio,Higher in S punctatus
Acropora,Turf mimic,Amansia,9d820bd5309cd02f417ed95085a867f7,48.25497902,-23.04762904,2.038484071,-11.30625909,1.22E-29,2.33E-27,d__Bacteria,Proteobacteria,Gammaproteobacteria,Vibrionales,Vibrionaceae,Vibrio,Higher in Amansia
Acropora,Turf mimic,Sargassum,9d820bd5309cd02f417ed95085a867f7,48.25497902,-22.76320028,2.038646517,-11.16583973,5.99E-29,7.76E-27,d__Bacteria,Proteobacteria,Gammaproteobacteria,Vibrionales,Vibrionaceae,Vibrio,Higher in Sargassum
Acropora,Turf mimic,S nigricans,9d820bd5309cd02f417ed95085a867f7,48.25497902,22.80434734,2.038001927,11.18956122,4.59E-29,1.77E-27,d__Bacteria,Proteobacteria,Gammaproteobacteria,Vibrionales,Vibrionaceae,Vibrio,Higher in S nigricans
Acropora,Turf mimic,S punctatus,9d820bd5309cd02f417ed95085a867f7,48.25497902,25.58673099,2.03708495,12.56046342,3.48E-36,1.61E-34,d__Bacteria,Proteobacteria,Gammaproteobacteria,Vibrionales,Vibrionaceae,Vibrio,Higher in S punctatus