Experiment,Date,Week,Table.no,Sample.ID,Block,Coral.treatment,Algal.treatment,Colony.ID,Reading,Yield
Coral_algal_contact,3/7/22,1,Table 1,AP-TM-1,1,Acropora pulchra,Turf mimic,Acropora pulchra-1,430,0.43
Coral_algal_contact,3/7/22,1,Table 1,AP-AM-1,1,Acropora pulchra,Amansia,Acropora pulchra-1,389,0.389
Coral_algal_contact,3/7/22,1,Table 1,AP-SP-1,1,Acropora pulchra,S punctatus turf,Acropora pulchra-1,313,0.313
Coral_algal_contact,3/7/22,1,Table 1,AP-E-1,1,Acropora pulchra,Empty,Acropora pulchra-1,401,0.401
Coral_algal_contact,3/7/22,1,Table 1,AP-SN-1,1,Acropora pulchra,S nigricans turf,Acropora pulchra-1,331,0.331
Coral_algal_contact,3/7/22,1,Table 1,AP-MM-1,1,Acropora pulchra,Macroalgae mimic,Acropora pulchra-1,435,0.435
Coral_algal_contact,3/7/22,1,Table 1,AP-SG-1,1,Acropora pulchra,Sargassum,Acropora pulchra-1,397,0.397
Coral_algal_contact,3/7/22,1,Table 1,AP-SN-2,2,Acropora pulchra,S nigricans turf,Acropora pulchra-2,427,0.427
Coral_algal_contact,3/7/22,1,Table 1,AP-MM-2,2,Acropora pulchra,Macroalgae mimic,Acropora pulchra-2,547,0.547
Coral_algal_contact,3/7/22,1,Table 1,AP-AM-2,2,Acropora pulchra,Amansia,Acropora pulchra-2,528,0.528
Coral_algal_contact,3/7/22,1,Table 1,AP-SP-2,2,Acropora pulchra,S punctatus turf,Acropora pulchra-2,286,0.286
Coral_algal_contact,3/7/22,1,Table 1,AP-SG-2,2,Acropora pulchra,Sargassum,Acropora pulchra-2,478,0.478
Coral_algal_contact,3/7/22,1,Table 1,AP-TM-2,2,Acropora pulchra,Turf mimic,Acropora pulchra-2,503,0.503
Coral_algal_contact,3/7/22,1,Table 1,AP-E-2,2,Acropora pulchra,Empty,Acropora pulchra-2,430,0.43
Coral_algal_contact,3/7/22,1,Table 1,AP-AM-3,3,Acropora pulchra,Amansia,Acropora pulchra-3,522,0.522
Coral_algal_contact,3/7/22,1,Table 1,AP-MM-3,3,Acropora pulchra,Macroalgae mimic,Acropora pulchra-3,559,0.559
Coral_algal_contact,3/7/22,1,Table 1,AP-SG-3,3,Acropora pulchra,Sargassum,Acropora pulchra-3,374,0.374
Coral_algal_contact,3/7/22,1,Table 1,AP-SN-3,3,Acropora pulchra,S nigricans turf,Acropora pulchra-3,418,0.418
Coral_algal_contact,3/7/22,1,Table 1,AP-E-3,3,Acropora pulchra,Empty,Acropora pulchra-3,479,0.479
Coral_algal_contact,3/7/22,1,Table 1,AP-TM-3,3,Acropora pulchra,Turf mimic,Acropora pulchra-3,523,0.523
Coral_algal_contact,3/7/22,1,Table 1,AP-SP-3,3,Acropora pulchra,S punctatus turf,Acropora pulchra-3,443,0.443
Coral_algal_contact,3/7/22,1,Table 1,AP-SN-4,4,Acropora pulchra,S nigricans turf,Acropora pulchra-4,349,0.349
Coral_algal_contact,3/7/22,1,Table 1,AP-MM-4,4,Acropora pulchra,Macroalgae mimic,Acropora pulchra-4,88,0.088
Coral_algal_contact,3/7/22,1,Table 1,AP-E-4,4,Acropora pulchra,Empty,Acropora pulchra-4,514,0.514
Coral_algal_contact,3/7/22,1,Table 1,AP-AM-4,4,Acropora pulchra,Amansia,Acropora pulchra-4,520,0.52
Coral_algal_contact,3/7/22,1,Table 1,AP-TM-4,4,Acropora pulchra,Turf mimic,Acropora pulchra-4,521,0.521
Coral_algal_contact,3/7/22,1,Table 1,AP-SP-4,4,Acropora pulchra,S punctatus turf,Acropora pulchra-4,360,0.36
Coral_algal_contact,3/7/22,1,Table 1,AP-SG-4,4,Acropora pulchra,Sargassum,Acropora pulchra-4,479,0.479
Coral_algal_contact,3/7/22,1,Table 1,AP-SP-5,5,Acropora pulchra,S punctatus turf,Acropora pulchra-5,442,0.442
Coral_algal_contact,3/7/22,1,Table 1,AP-TM-5,5,Acropora pulchra,Turf mimic,Acropora pulchra-5,447,0.447
Coral_algal_contact,3/7/22,1,Table 1,AP-AM-5,5,Acropora pulchra,Amansia,Acropora pulchra-5,514,0.514
Coral_algal_contact,3/7/22,1,Table 1,AP-E-5,5,Acropora pulchra,Empty,Acropora pulchra-5,403,0.403
Coral_algal_contact,3/7/22,1,Table 1,AP-SN-5,5,Acropora pulchra,S nigricans turf,Acropora pulchra-5,363,0.363
Coral_algal_contact,3/7/22,1,Table 1,AP-MM-5,5,Acropora pulchra,Macroalgae mimic,Acropora pulchra-5,453,0.453
Coral_algal_contact,3/7/22,1,Table 1,AP-SG-5,5,Acropora pulchra,Sargassum,Acropora pulchra-5,470,0.47
Coral_algal_contact,3/7/22,1,Table 1,AP-SP-6,6,Acropora pulchra,S punctatus turf,Acropora pulchra-6,316,0.316
Coral_algal_contact,3/7/22,1,Table 1,AP-AM-6,6,Acropora pulchra,Amansia,Acropora pulchra-6,407,0.407
Coral_algal_contact,3/7/22,1,Table 1,AP-MM-6,6,Acropora pulchra,Macroalgae mimic,Acropora pulchra-6,496,0.496
Coral_algal_contact,3/7/22,1,Table 1,AP-E-6,6,Acropora pulchra,Empty,Acropora pulchra-6,506,0.506
Coral_algal_contact,3/7/22,1,Table 1,AP-TM-6,6,Acropora pulchra,Turf mimic,Acropora pulchra-6,437,0.437
Coral_algal_contact,3/7/22,1,Table 1,AP-SG-6,6,Acropora pulchra,Sargassum,Acropora pulchra-6,404,0.404
Coral_algal_contact,3/7/22,1,Table 1,AP-SN-6,6,Acropora pulchra,S nigricans turf,Acropora pulchra-6,305,0.305
Coral_algal_contact,3/7/22,1,Table 1,AP-SG-7,7,Acropora pulchra,Sargassum,Acropora pulchra-7,344,0.344
Coral_algal_contact,3/7/22,1,Table 1,AP-SN-7,7,Acropora pulchra,S nigricans turf,Acropora pulchra-7,321,0.321
Coral_algal_contact,3/7/22,1,Table 1,AP-E-7,7,Acropora pulchra,Empty,Acropora pulchra-7,407,0.407
Coral_algal_contact,3/8/22,1,Table 2,AP-TM-7,7,Acropora pulchra,Turf mimic,Acropora pulchra-7,497,0.497
Coral_algal_contact,3/8/22,1,Table 2,AP-MM-7,7,Acropora pulchra,Macroalgae mimic,Acropora pulchra-7,614,0.614
Coral_algal_contact,3/8/22,1,Table 2,AP-AM-7,7,Acropora pulchra,Amansia,Acropora pulchra-7,512,0.512
Coral_algal_contact,3/8/22,1,Table 2,AP-SP-7,7,Acropora pulchra,S punctatus turf,Acropora pulchra-7,370,0.37
Coral_algal_contact,3/8/22,1,Table 2,AP-TM-8,8,Acropora pulchra,Turf mimic,Acropora pulchra-8,526,0.526
Coral_algal_contact,3/8/22,1,Table 2,AP-AM-8,8,Acropora pulchra,Amansia,Acropora pulchra-8,592,0.592
Coral_algal_contact,3/8/22,1,Table 2,AP-SN-8,8,Acropora pulchra,S nigricans turf,Acropora pulchra-8,477,0.477
Coral_algal_contact,3/8/22,1,Table 2,AP-SP-8,8,Acropora pulchra,S punctatus turf,Acropora pulchra-8,445,0.445
Coral_algal_contact,3/8/22,1,Table 2,AP-SG-8,8,Acropora pulchra,Sargassum,Acropora pulchra-8,569,0.569
Coral_algal_contact,3/8/22,1,Table 2,AP-E-8,8,Acropora pulchra,Empty,Acropora pulchra-8,497,0.497
Coral_algal_contact,3/8/22,1,Table 2,AP-MM-8,8,Acropora pulchra,Macroalgae mimic,Acropora pulchra-8,509,0.509
Coral_algal_contact,3/8/22,1,Table 2,AP-SG-9,9,Acropora pulchra,Sargassum,Acropora pulchra-9,452,0.452
Coral_algal_contact,3/8/22,1,Table 2,AP-TM-9,9,Acropora pulchra,Turf mimic,Acropora pulchra-9,459,0.459
Coral_algal_contact,3/8/22,1,Table 2,AP-AM-9,9,Acropora pulchra,Amansia,Acropora pulchra-9,488,0.488
Coral_algal_contact,3/8/22,1,Table 2,AP-SP-9,9,Acropora pulchra,S punctatus turf,Acropora pulchra-9,394,0.394
Coral_algal_contact,3/8/22,1,Table 2,AP-MM-9,9,Acropora pulchra,Macroalgae mimic,Acropora pulchra-9,522,0.522
Coral_algal_contact,3/8/22,1,Table 2,AP-SN-9,9,Acropora pulchra,S nigricans turf,Acropora pulchra-9,441,0.441
Coral_algal_contact,3/8/22,1,Table 2,AP-E-9,9,Acropora pulchra,Empty,Acropora pulchra-9,462,0.462
Coral_algal_contact,3/8/22,1,Table 2,AP-SN-10,10,Acropora pulchra,S nigricans turf,Acropora pulchra-10,261,0.261
Coral_algal_contact,3/8/22,1,Table 2,AP-SP-10,10,Acropora pulchra,S punctatus turf,Acropora pulchra-10,317,0.317
Coral_algal_contact,3/8/22,1,Table 2,AP-E-10,10,Acropora pulchra,Empty,Acropora pulchra-10,490,0.49
Coral_algal_contact,3/8/22,1,Table 2,AP-MM-10,10,Acropora pulchra,Macroalgae mimic,Acropora pulchra-10,522,0.522
Coral_algal_contact,3/8/22,1,Table 2,AP-AM-10,10,Acropora pulchra,Amansia,Acropora pulchra-10,470,0.47
Coral_algal_contact,3/8/22,1,Table 2,AP-TM-10,10,Acropora pulchra,Turf mimic,Acropora pulchra-10,475,0.475
Coral_algal_contact,3/8/22,1,Table 2,AP-SG-10,10,Acropora pulchra,Sargassum,Acropora pulchra-10,430,0.43
Coral_algal_contact,3/8/22,1,Table 2,AP-MM-11,11,Acropora pulchra,Macroalgae mimic,Acropora pulchra-11,495,0.495
Coral_algal_contact,3/8/22,1,Table 2,AP-SP-11,11,Acropora pulchra,S punctatus turf,Acropora pulchra-11,356,0.356
Coral_algal_contact,3/8/22,1,Table 2,AP-AM-11,11,Acropora pulchra,Amansia,Acropora pulchra-11,414,0.414
Coral_algal_contact,3/8/22,1,Table 2,AP-TM-11,11,Acropora pulchra,Turf mimic,Acropora pulchra-11,494,0.494
Coral_algal_contact,3/8/22,1,Table 2,AP-SN-11,11,Acropora pulchra,S nigricans turf,Acropora pulchra-11,335,0.335
Coral_algal_contact,3/8/22,1,Table 2,AP-E-11,11,Acropora pulchra,Empty,Acropora pulchra-11,421,0.421
Coral_algal_contact,3/8/22,1,Table 2,AP-SG-11,11,Acropora pulchra,Sargassum,Acropora pulchra-11,488,0.488
Coral_algal_contact,3/8/22,1,Table 2,AP-SP-12,12,Acropora pulchra,S punctatus turf,Acropora pulchra-12,342,0.342
Coral_algal_contact,3/8/22,1,Table 2,AP-SN-12,12,Acropora pulchra,S nigricans turf,Acropora pulchra-12,382,0.382
Coral_algal_contact,3/8/22,1,Table 2,AP-SG-12,12,Acropora pulchra,Sargassum,Acropora pulchra-12,490,0.49
Coral_algal_contact,3/8/22,1,Table 2,AP-MM-12,12,Acropora pulchra,Macroalgae mimic,Acropora pulchra-12,420,0.42
Coral_algal_contact,3/8/22,1,Table 2,AP-E-12,12,Acropora pulchra,Empty,Acropora pulchra-12,473,0.473
Coral_algal_contact,3/8/22,1,Table 2,AP-TM-12,12,Acropora pulchra,Turf mimic,Acropora pulchra-12,442,0.442
Coral_algal_contact,3/8/22,1,Table 2,AP-AM-12,12,Acropora pulchra,Amansia,Acropora pulchra-12,466,0.466
Coral_algal_contact,3/15/22,2,Table 1,AP-TM-1,1,Acropora pulchra,Turf mimic,Acropora pulchra-1,528,0.528
Coral_algal_contact,3/15/22,2,Table 1,AP-AM-1,1,Acropora pulchra,Amansia,Acropora pulchra-1,304,0.304
Coral_algal_contact,3/15/22,2,Table 1,AP-SP-1,1,Acropora pulchra,S punctatus turf,Acropora pulchra-1,296,0.296
Coral_algal_contact,3/15/22,2,Table 1,AP-E-1,1,Acropora pulchra,Empty,Acropora pulchra-1,509,0.509
Coral_algal_contact,3/15/22,2,Table 1,AP-SN-1,1,Acropora pulchra,S nigricans turf,Acropora pulchra-1,293,0.293
Coral_algal_contact,3/15/22,2,Table 1,AP-MM-1,1,Acropora pulchra,Macroalgae mimic,Acropora pulchra-1,477,0.477
Coral_algal_contact,3/15/22,2,Table 1,AP-SG-1,1,Acropora pulchra,Sargassum,Acropora pulchra-1,284,0.284
Coral_algal_contact,3/15/22,2,Table 1,AP-SN-2,2,Acropora pulchra,S nigricans turf,Acropora pulchra-2,302,0.302
Coral_algal_contact,3/15/22,2,Table 1,AP-MM-2,2,Acropora pulchra,Macroalgae mimic,Acropora pulchra-2,666,0.666
Coral_algal_contact,3/15/22,2,Table 1,AP-AM-2,2,Acropora pulchra,Amansia,Acropora pulchra-2,346,0.346
Coral_algal_contact,3/15/22,2,Table 1,AP-SP-2,2,Acropora pulchra,S punctatus turf,Acropora pulchra-2,302,0.302
Coral_algal_contact,3/15/22,2,Table 1,AP-SG-2,2,Acropora pulchra,Sargassum,Acropora pulchra-2,241,0.241
Coral_algal_contact,3/15/22,2,Table 1,AP-TM-2,2,Acropora pulchra,Turf mimic,Acropora pulchra-2,525,0.525
Coral_algal_contact,3/15/22,2,Table 1,AP-E-2,2,Acropora pulchra,Empty,Acropora pulchra-2,525,0.525
Coral_algal_contact,3/15/22,2,Table 1,AP-AM-3,3,Acropora pulchra,Amansia,Acropora pulchra-3,456,0.456
Coral_algal_contact,3/15/22,2,Table 1,AP-MM-3,3,Acropora pulchra,Macroalgae mimic,Acropora pulchra-3,526,0.526
Coral_algal_contact,3/15/22,2,Table 1,AP-SG-3,3,Acropora pulchra,Sargassum,Acropora pulchra-3,537,0.537
Coral_algal_contact,3/15/22,2,Table 1,AP-SN-3,3,Acropora pulchra,S nigricans turf,Acropora pulchra-3,423,0.423
Coral_algal_contact,3/15/22,2,Table 1,AP-E-3,3,Acropora pulchra,Empty,Acropora pulchra-3,470,0.47
Coral_algal_contact,3/15/22,2,Table 1,AP-TM-3,3,Acropora pulchra,Turf mimic,Acropora pulchra-3,518,0.518
Coral_algal_contact,3/15/22,2,Table 1,AP-SP-3,3,Acropora pulchra,S punctatus turf,Acropora pulchra-3,506,0.506
Coral_algal_contact,3/15/22,2,Table 1,AP-SN-4,4,Acropora pulchra,S nigricans turf,Acropora pulchra-4,318,0.318
Coral_algal_contact,3/15/22,2,Table 1,AP-MM-4,4,Acropora pulchra,Macroalgae mimic,Acropora pulchra-4,422,0.422
Coral_algal_contact,3/15/22,2,Table 1,AP-E-4,4,Acropora pulchra,Empty,Acropora pulchra-4,544,0.544
Coral_algal_contact,3/15/22,2,Table 1,AP-AM-4,4,Acropora pulchra,Amansia,Acropora pulchra-4,341,0.341
Coral_algal_contact,3/15/22,2,Table 1,AP-TM-4,4,Acropora pulchra,Turf mimic,Acropora pulchra-4,594,0.594
Coral_algal_contact,3/15/22,2,Table 1,AP-SP-4,4,Acropora pulchra,S punctatus turf,Acropora pulchra-4,304,0.304
Coral_algal_contact,3/15/22,2,Table 1,AP-SG-4,4,Acropora pulchra,Sargassum,Acropora pulchra-4,437,0.437
Coral_algal_contact,3/15/22,2,Table 1,AP-SP-5,5,Acropora pulchra,S punctatus turf,Acropora pulchra-5,445,0.445
Coral_algal_contact,3/15/22,2,Table 1,AP-TM-5,5,Acropora pulchra,Turf mimic,Acropora pulchra-5,455,0.455
Coral_algal_contact,3/15/22,2,Table 1,AP-AM-5,5,Acropora pulchra,Amansia,Acropora pulchra-5,435,0.435
Coral_algal_contact,3/15/22,2,Table 1,AP-E-5,5,Acropora pulchra,Empty,Acropora pulchra-5,419,0.419
Coral_algal_contact,3/15/22,2,Table 1,AP-SN-5,5,Acropora pulchra,S nigricans turf,Acropora pulchra-5,277,0.277
Coral_algal_contact,3/15/22,2,Table 1,AP-MM-5,5,Acropora pulchra,Macroalgae mimic,Acropora pulchra-5,494,0.494
Coral_algal_contact,3/15/22,2,Table 1,AP-SG-5,5,Acropora pulchra,Sargassum,Acropora pulchra-5,473,0.473
Coral_algal_contact,3/15/22,2,Table 1,AP-SP-6,6,Acropora pulchra,S punctatus turf,Acropora pulchra-6,228,0.228
Coral_algal_contact,3/15/22,2,Table 1,AP-AM-6,6,Acropora pulchra,Amansia,Acropora pulchra-6,466,0.466
Coral_algal_contact,3/15/22,2,Table 1,AP-MM-6,6,Acropora pulchra,Macroalgae mimic,Acropora pulchra-6,525,0.525
Coral_algal_contact,3/15/22,2,Table 1,AP-E-6,6,Acropora pulchra,Empty,Acropora pulchra-6,510,0.51
Coral_algal_contact,3/15/22,2,Table 1,AP-TM-6,6,Acropora pulchra,Turf mimic,Acropora pulchra-6,456,0.456
Coral_algal_contact,3/15/22,2,Table 1,AP-SG-6,6,Acropora pulchra,Sargassum,Acropora pulchra-6,378,0.378
Coral_algal_contact,3/15/22,2,Table 1,AP-SN-6,6,Acropora pulchra,S nigricans turf,Acropora pulchra-6,301,0.301
Coral_algal_contact,3/15/22,2,Table 1,AP-SG-7,7,Acropora pulchra,Sargassum,Acropora pulchra-7,522,0.522
Coral_algal_contact,3/15/22,2,Table 1,AP-SN-7,7,Acropora pulchra,S nigricans turf,Acropora pulchra-7,386,0.386
Coral_algal_contact,3/15/22,2,Table 1,AP-E-7,7,Acropora pulchra,Empty,Acropora pulchra-7,528,0.528
Coral_algal_contact,3/16/22,2,Table 2,AP-TM-7,7,Acropora pulchra,Turf mimic,Acropora pulchra-7,519,0.519
Coral_algal_contact,3/16/22,2,Table 2,AP-MM-7,7,Acropora pulchra,Macroalgae mimic,Acropora pulchra-7,584,0.584
Coral_algal_contact,3/16/22,2,Table 2,AP-AM-7,7,Acropora pulchra,Amansia,Acropora pulchra-7,435,0.435
Coral_algal_contact,3/16/22,2,Table 2,AP-SP-7,7,Acropora pulchra,S punctatus turf,Acropora pulchra-7,310,0.31
Coral_algal_contact,3/16/22,2,Table 2,AP-TM-8,8,Acropora pulchra,Turf mimic,Acropora pulchra-8,513,0.513
Coral_algal_contact,3/16/22,2,Table 2,AP-AM-8,8,Acropora pulchra,Amansia,Acropora pulchra-8,551,0.551
Coral_algal_contact,3/16/22,2,Table 2,AP-SN-8,8,Acropora pulchra,S nigricans turf,Acropora pulchra-8,400,0.4
Coral_algal_contact,3/16/22,2,Table 2,AP-SP-8,8,Acropora pulchra,S punctatus turf,Acropora pulchra-8,185,0.185
Coral_algal_contact,3/16/22,2,Table 2,AP-SG-8,8,Acropora pulchra,Sargassum,Acropora pulchra-8,517,0.517
Coral_algal_contact,3/16/22,2,Table 2,AP-E-8,8,Acropora pulchra,Empty,Acropora pulchra-8,561,0.561
Coral_algal_contact,3/16/22,2,Table 2,AP-MM-8,8,Acropora pulchra,Macroalgae mimic,Acropora pulchra-8,575,0.575
Coral_algal_contact,3/16/22,2,Table 2,AP-SG-9,9,Acropora pulchra,Sargassum,Acropora pulchra-9,461,0.461
Coral_algal_contact,3/16/22,2,Table 2,AP-TM-9,9,Acropora pulchra,Turf mimic,Acropora pulchra-9,498,0.498
Coral_algal_contact,3/16/22,2,Table 2,AP-AM-9,9,Acropora pulchra,Amansia,Acropora pulchra-9,456,0.456
Coral_algal_contact,3/16/22,2,Table 2,AP-SP-9,9,Acropora pulchra,S punctatus turf,Acropora pulchra-9,315,0.315
Coral_algal_contact,3/16/22,2,Table 2,AP-MM-9,9,Acropora pulchra,Macroalgae mimic,Acropora pulchra-9,512,0.512
Coral_algal_contact,3/16/22,2,Table 2,AP-SN-9,9,Acropora pulchra,S nigricans turf,Acropora pulchra-9,335,0.335
Coral_algal_contact,3/16/22,2,Table 2,AP-E-9,9,Acropora pulchra,Empty,Acropora pulchra-9,480,0.48
Coral_algal_contact,3/16/22,2,Table 2,AP-SN-10,10,Acropora pulchra,S nigricans turf,Acropora pulchra-10,354,0.354
Coral_algal_contact,3/16/22,2,Table 2,AP-SP-10,10,Acropora pulchra,S punctatus turf,Acropora pulchra-10,356,0.356
Coral_algal_contact,3/16/22,2,Table 2,AP-E-10,10,Acropora pulchra,Empty,Acropora pulchra-10,512,0.512
Coral_algal_contact,3/16/22,2,Table 2,AP-MM-10,10,Acropora pulchra,Macroalgae mimic,Acropora pulchra-10,526,0.526
Coral_algal_contact,3/16/22,2,Table 2,AP-AM-10,10,Acropora pulchra,Amansia,Acropora pulchra-10,518,0.518
Coral_algal_contact,3/16/22,2,Table 2,AP-TM-10,10,Acropora pulchra,Turf mimic,Acropora pulchra-10,503,0.503
Coral_algal_contact,3/16/22,2,Table 2,AP-SG-10,10,Acropora pulchra,Sargassum,Acropora pulchra-10,390,0.39
Coral_algal_contact,3/16/22,2,Table 2,AP-MM-11,11,Acropora pulchra,Macroalgae mimic,Acropora pulchra-11,463,0.463
Coral_algal_contact,3/16/22,2,Table 2,AP-SP-11,11,Acropora pulchra,S punctatus turf,Acropora pulchra-11,344,0.344
Coral_algal_contact,3/16/22,2,Table 2,AP-AM-11,11,Acropora pulchra,Amansia,Acropora pulchra-11,586,0.586
Coral_algal_contact,3/16/22,2,Table 2,AP-TM-11,11,Acropora pulchra,Turf mimic,Acropora pulchra-11,535,0.535
Coral_algal_contact,3/16/22,2,Table 2,AP-SN-11,11,Acropora pulchra,S nigricans turf,Acropora pulchra-11,407,0.407
Coral_algal_contact,3/16/22,2,Table 2,AP-E-11,11,Acropora pulchra,Empty,Acropora pulchra-11,546,0.546
Coral_algal_contact,3/16/22,2,Table 2,AP-SG-11,11,Acropora pulchra,Sargassum,Acropora pulchra-11,448,0.448
Coral_algal_contact,3/16/22,2,Table 2,AP-SP-12,12,Acropora pulchra,S punctatus turf,Acropora pulchra-12,427,0.427
Coral_algal_contact,3/16/22,2,Table 2,AP-SN-12,12,Acropora pulchra,S nigricans turf,Acropora pulchra-12,440,0.44
Coral_algal_contact,3/16/22,2,Table 2,AP-SG-12,12,Acropora pulchra,Sargassum,Acropora pulchra-12,584,0.584
Coral_algal_contact,3/16/22,2,Table 2,AP-MM-12,12,Acropora pulchra,Macroalgae mimic,Acropora pulchra-12,535,0.535
Coral_algal_contact,3/16/22,2,Table 2,AP-E-12,12,Acropora pulchra,Empty,Acropora pulchra-12,523,0.523
Coral_algal_contact,3/16/22,2,Table 2,AP-TM-12,12,Acropora pulchra,Turf mimic,Acropora pulchra-12,470,0.47
Coral_algal_contact,3/16/22,2,Table 2,AP-AM-12,12,Acropora pulchra,Amansia,Acropora pulchra-12,463,0.463
Coral_algal_contact,3/7/22,1,Table 1,PR-SN-1,1,Porites rus,S nigricans turf,Porites rus-1,387,0.387
Coral_algal_contact,3/7/22,1,Table 1,PR-TM-1,1,Porites rus,Turf mimic,Porites rus-1,397,0.397
Coral_algal_contact,3/7/22,1,Table 1,PR-E-1,1,Porites rus,Empty,Porites rus-1,467,0.467
Coral_algal_contact,3/7/22,1,Table 1,PR-MM-1,1,Porites rus,Macroalgae mimic,Porites rus-1,449,0.449
Coral_algal_contact,3/7/22,1,Table 1,PR-SG-1,1,Porites rus,Sargassum,Porites rus-1,557,0.557
Coral_algal_contact,3/7/22,1,Table 1,PR-AM-1,1,Porites rus,Amansia,Porites rus-1,530,0.53
Coral_algal_contact,3/7/22,1,Table 1,PR-SP-1,1,Porites rus,S punctatus turf,Porites rus-1,230,0.23
Coral_algal_contact,3/7/22,1,Table 1,PR-SP-2,2,Porites rus,S punctatus turf,Porites rus-2,377,0.377
Coral_algal_contact,3/7/22,1,Table 1,PR-AM-2,2,Porites rus,Amansia,Porites rus-2,502,0.502
Coral_algal_contact,3/7/22,1,Table 1,PR-E-2,2,Porites rus,Empty,Porites rus-2,519,0.519
Coral_algal_contact,3/7/22,1,Table 1,PR-SN-2,2,Porites rus,S nigricans turf,Porites rus-2,394,0.394
Coral_algal_contact,3/7/22,1,Table 1,PR-SG-2,2,Porites rus,Sargassum,Porites rus-2,517,0.517
Coral_algal_contact,3/7/22,1,Table 1,PR-TM-2,2,Porites rus,Turf mimic,Porites rus-2,472,0.472
Coral_algal_contact,3/7/22,1,Table 1,PR-MM-2,2,Porites rus,Macroalgae mimic,Porites rus-2,468,0.468
Coral_algal_contact,3/7/22,1,Table 1,PR-SN-3,3,Porites rus,S nigricans turf,Porites rus-3,433,0.433
Coral_algal_contact,3/7/22,1,Table 1,PR-SP-3,3,Porites rus,S punctatus turf,Porites rus-3,301,0.301
Coral_algal_contact,3/7/22,1,Table 1,PR-TM-3,3,Porites rus,Turf mimic,Porites rus-3,506,0.506
Coral_algal_contact,3/7/22,1,Table 1,PR-E-3,3,Porites rus,Empty,Porites rus-3,451,0.451
Coral_algal_contact,3/7/22,1,Table 1,PR-SG-3,3,Porites rus,Sargassum,Porites rus-3,527,0.527
Coral_algal_contact,3/7/22,1,Table 1,PR-MM-3,3,Porites rus,Macroalgae mimic,Porites rus-3,513,0.513
Coral_algal_contact,3/7/22,1,Table 1,PR-AM-3,3,Porites rus,Amansia,Porites rus-3,356,0.356
Coral_algal_contact,3/7/22,1,Table 1,PR-SP-4,4,Porites rus,S punctatus turf,Porites rus-4,341,0.341
Coral_algal_contact,3/7/22,1,Table 1,PR-MM-4,4,Porites rus,Macroalgae mimic,Porites rus-4,455,0.455
Coral_algal_contact,3/7/22,1,Table 1,PR-TM-4,4,Porites rus,Turf mimic,Porites rus-4,539,0.539
Coral_algal_contact,3/7/22,1,Table 1,PR-E-4,4,Porites rus,Empty,Porites rus-4,514,0.514
Coral_algal_contact,3/7/22,1,Table 1,PR-SN-4,4,Porites rus,S nigricans turf,Porites rus-4,415,0.415
Coral_algal_contact,3/7/22,1,Table 1,PR-SG-4,4,Porites rus,Sargassum,Porites rus-4,570,0.57
Coral_algal_contact,3/7/22,1,Table 1,PR-AM-4,4,Porites rus,Amansia,Porites rus-4,377,0.377
Coral_algal_contact,3/7/22,1,Table 1,PR-MM-5,5,Porites rus,Macroalgae mimic,Porites rus-5,585,0.585
Coral_algal_contact,3/7/22,1,Table 1,PR-SG-5,5,Porites rus,Sargassum,Porites rus-5,539,0.539
Coral_algal_contact,3/7/22,1,Table 1,PR-SP-5,5,Porites rus,S punctatus turf,Porites rus-5,355,0.355
Coral_algal_contact,3/7/22,1,Table 1,PR-TM-5,5,Porites rus,Turf mimic,Porites rus-5,475,0.475
Coral_algal_contact,3/7/22,1,Table 1,PR-E-5,5,Porites rus,Empty,Porites rus-5,498,0.498
Coral_algal_contact,3/7/22,1,Table 1,PR-SN-5,5,Porites rus,S nigricans turf,Porites rus-5,450,0.45
Coral_algal_contact,3/7/22,1,Table 1,PR-AM-5,5,Porites rus,Amansia,Porites rus-5,407,0.407
Coral_algal_contact,3/7/22,1,Table 1,PR-SP-6,6,Porites rus,S punctatus turf,Porites rus-6,362,0.362
Coral_algal_contact,3/7/22,1,Table 1,PR-TM-6,6,Porites rus,Turf mimic,Porites rus-6,504,0.504
Coral_algal_contact,3/7/22,1,Table 1,PR-AM-6,6,Porites rus,Amansia,Porites rus-6,506,0.506
Coral_algal_contact,3/7/22,1,Table 1,PR-SG-6,6,Porites rus,Sargassum,Porites rus-6,463,0.463
Coral_algal_contact,3/7/22,1,Table 1,PR-SN-6,6,Porites rus,S nigricans turf,Porites rus-6,252,0.252
Coral_algal_contact,3/7/22,1,Table 1,PR-MM-6,6,Porites rus,Macroalgae mimic,Porites rus-6,427,0.427
Coral_algal_contact,3/7/22,1,Table 1,PR-E-6,6,Porites rus,Empty,Porites rus-6,402,0.402
Coral_algal_contact,3/8/22,1,Table 2,PR-SP-7,7,Porites rus,S punctatus turf,Porites rus-7,251,0.251
Coral_algal_contact,3/8/22,1,Table 2,PR-TM-7,7,Porites rus,Turf mimic,Porites rus-7,417,0.417
Coral_algal_contact,3/8/22,1,Table 2,PR-AM-7,7,Porites rus,Amansia,Porites rus-7,534,0.534
Coral_algal_contact,3/8/22,1,Table 2,PR-SN-7,7,Porites rus,S nigricans turf,Porites rus-7,345,0.345
Coral_algal_contact,3/8/22,1,Table 2,PR-MM-7,7,Porites rus,Macroalgae mimic,Porites rus-7,576,0.576
Coral_algal_contact,3/8/22,1,Table 2,PR-E-7,7,Porites rus,Empty,Porites rus-7,479,0.479
Coral_algal_contact,3/8/22,1,Table 2,PR-SG-7,7,Porites rus,Sargassum,Porites rus-7,435,0.435
Coral_algal_contact,3/8/22,1,Table 2,PR-E-8,8,Porites rus,Empty,Porites rus-8,547,0.547
Coral_algal_contact,3/8/22,1,Table 2,PR-AM-8,8,Porites rus,Amansia,Porites rus-8,413,0.413
Coral_algal_contact,3/8/22,1,Table 2,PR-SG-8,8,Porites rus,Sargassum,Porites rus-8,580,0.58
Coral_algal_contact,3/8/22,1,Table 2,PR-TM-8,8,Porites rus,Turf mimic,Porites rus-8,541,0.541
Coral_algal_contact,3/8/22,1,Table 2,PR-SP-8,8,Porites rus,S punctatus turf,Porites rus-8,162,0.162
Coral_algal_contact,3/8/22,1,Table 2,PR-SN-8,8,Porites rus,S nigricans turf,Porites rus-8,448,0.448
Coral_algal_contact,3/8/22,1,Table 2,PR-MM-8,8,Porites rus,Macroalgae mimic,Porites rus-8,578,0.578
Coral_algal_contact,3/8/22,1,Table 2,PR-SN-9,9,Porites rus,S nigricans turf,Porites rus-9,233,0.233
Coral_algal_contact,3/8/22,1,Table 2,PR-AM-9,9,Porites rus,Amansia,Porites rus-9,515,0.515
Coral_algal_contact,3/8/22,1,Table 2,PR-MM-9,9,Porites rus,Macroalgae mimic,Porites rus-9,512,0.512
Coral_algal_contact,3/8/22,1,Table 2,PR-E-9,9,Porites rus,Empty,Porites rus-9,504,0.504
Coral_algal_contact,3/8/22,1,Table 2,PR-SP-9,9,Porites rus,S punctatus turf,Porites rus-9,332,0.332
Coral_algal_contact,3/8/22,1,Table 2,PR-AM-9,9,Porites rus,Amansia,Porites rus-9,501,0.501
Coral_algal_contact,3/8/22,1,Table 2,PR-SG-9,9,Porites rus,Sargassum,Porites rus-9,248,0.248
Coral_algal_contact,3/8/22,1,Table 2,PR-SG-10,10,Porites rus,Sargassum,Porites rus-10,568,0.568
Coral_algal_contact,3/8/22,1,Table 2,PR-MM-10,10,Porites rus,Macroalgae mimic,Porites rus-10,643,0.643
Coral_algal_contact,3/8/22,1,Table 2,PR-E-10,10,Porites rus,Empty,Porites rus-10,491,0.491
Coral_algal_contact,3/8/22,1,Table 2,PR-TM-10,10,Porites rus,Turf mimic,Porites rus-10,500,0.5
Coral_algal_contact,3/8/22,1,Table 2,PR-SN-10,10,Porites rus,S nigricans turf,Porites rus-10,448,0.448
Coral_algal_contact,3/8/22,1,Table 2,PR-SP-10,10,Porites rus,S punctatus turf,Porites rus-10,326,0.326
Coral_algal_contact,3/8/22,1,Table 2,PR-AM-10,10,Porites rus,Amansia,Porites rus-10,248,0.248
Coral_algal_contact,3/8/22,1,Table 2,PR-TM-11,11,Porites rus,Turf mimic,Porites rus-11,522,0.522
Coral_algal_contact,3/8/22,1,Table 2,PR-MM-11,11,Porites rus,Macroalgae mimic,Porites rus-11,605,0.605
Coral_algal_contact,3/8/22,1,Table 2,PR-E-11,11,Porites rus,Empty,Porites rus-11,484,0.484
Coral_algal_contact,3/8/22,1,Table 2,PR-SN-11,11,Porites rus,S nigricans turf,Porites rus-11,409,0.409
Coral_algal_contact,3/8/22,1,Table 2,PR-SG-11,11,Porites rus,Sargassum,Porites rus-11,367,0.367
Coral_algal_contact,3/8/22,1,Table 2,PR-SP-11,11,Porites rus,S punctatus turf,Porites rus-11,210,0.21
Coral_algal_contact,3/8/22,1,Table 2,PR-AM-11,11,Porites rus,Amansia,Porites rus-11,434,0.434
Coral_algal_contact,3/8/22,1,Table 2,PR-TM-12,12,Porites rus,Turf mimic,Porites rus-12,442,0.442
Coral_algal_contact,3/8/22,1,Table 2,PR-AM-12,12,Porites rus,Amansia,Porites rus-12,339,0.339
Coral_algal_contact,3/8/22,1,Table 2,PR-SP-12,12,Porites rus,S punctatus turf,Porites rus-12,437,0.437
Coral_algal_contact,3/8/22,1,Table 2,PR-SG-12,12,Porites rus,Sargassum,Porites rus-12,576,0.576
Coral_algal_contact,3/8/22,1,Table 2,PR-MM-12,12,Porites rus,Macroalgae mimic,Porites rus-12,354,0.354
Coral_algal_contact,3/8/22,1,Table 2,PR-E-12,12,Porites rus,Empty,Porites rus-12,468,0.468
Coral_algal_contact,3/8/22,1,Table 2,PR-SN-12,12,Porites rus,S nigricans turf,Porites rus-12,366,0.366
Coral_algal_contact,3/15/22,2,Table 1,PR-SN-1,1,Porites rus,S nigricans turf,Porites rus-1,223,0.223
Coral_algal_contact,3/15/22,2,Table 1,PR-TM-1,1,Porites rus,Turf mimic,Porites rus-1,588,0.588
Coral_algal_contact,3/15/22,2,Table 1,PR-E-1,1,Porites rus,Empty,Porites rus-1,493,0.493
Coral_algal_contact,3/15/22,2,Table 1,PR-MM-1,1,Porites rus,Macroalgae mimic,Porites rus-1,354,0.354
Coral_algal_contact,3/15/22,2,Table 1,PR-SG-1,1,Porites rus,Sargassum,Porites rus-1,392,0.392
Coral_algal_contact,3/15/22,2,Table 1,PR-AM-1,1,Porites rus,Amansia,Porites rus-1,478,0.478
Coral_algal_contact,3/15/22,2,Table 1,PR-SP-1,1,Porites rus,S punctatus turf,Porites rus-1,297,0.297
Coral_algal_contact,3/15/22,2,Table 1,PR-SP-2,2,Porites rus,S punctatus turf,Porites rus-2,277,0.277
Coral_algal_contact,3/15/22,2,Table 1,PR-AM-2,2,Porites rus,Amansia,Porites rus-2,548,0.548
Coral_algal_contact,3/15/22,2,Table 1,PR-E-2,2,Porites rus,Empty,Porites rus-2,532,0.532
Coral_algal_contact,3/15/22,2,Table 1,PR-SN-2,2,Porites rus,S nigricans turf,Porites rus-2,250,0.25
Coral_algal_contact,3/15/22,2,Table 1,PR-SG-2,2,Porites rus,Sargassum,Porites rus-2,493,0.493
Coral_algal_contact,3/15/22,2,Table 1,PR-TM-2,2,Porites rus,Turf mimic,Porites rus-2,557,0.557
Coral_algal_contact,3/15/22,2,Table 1,PR-MM-2,2,Porites rus,Macroalgae mimic,Porites rus-2,537,0.537
Coral_algal_contact,3/15/22,2,Table 1,PR-SN-3,3,Porites rus,S nigricans turf,Porites rus-3,355,0.355
Coral_algal_contact,3/15/22,2,Table 1,PR-SP-3,3,Porites rus,S punctatus turf,Porites rus-3,176,0.176
Coral_algal_contact,3/15/22,2,Table 1,PR-TM-3,3,Porites rus,Turf mimic,Porites rus-3,493,0.493
Coral_algal_contact,3/15/22,2,Table 1,PR-E-3,3,Porites rus,Empty,Porites rus-3,554,0.554
Coral_algal_contact,3/15/22,2,Table 1,PR-SG-3,3,Porites rus,Sargassum,Porites rus-3,448,0.448
Coral_algal_contact,3/15/22,2,Table 1,PR-MM-3,3,Porites rus,Macroalgae mimic,Porites rus-3,481,0.481
Coral_algal_contact,3/15/22,2,Table 1,PR-AM-3,3,Porites rus,Amansia,Porites rus-3,358,0.358
Coral_algal_contact,3/15/22,2,Table 1,PR-SP-4,4,Porites rus,S punctatus turf,Porites rus-4,203,0.203
Coral_algal_contact,3/15/22,2,Table 1,PR-MM-4,4,Porites rus,Macroalgae mimic,Porites rus-4,531,0.531
Coral_algal_contact,3/15/22,2,Table 1,PR-TM-4,4,Porites rus,Turf mimic,Porites rus-4,489,0.489
Coral_algal_contact,3/15/22,2,Table 1,PR-E-4,4,Porites rus,Empty,Porites rus-4,465,0.465
Coral_algal_contact,3/15/22,2,Table 1,PR-SN-4,4,Porites rus,S nigricans turf,Porites rus-4,361,0.361
Coral_algal_contact,3/15/22,2,Table 1,PR-SG-4,4,Porites rus,Sargassum,Porites rus-4,486,0.486
Coral_algal_contact,3/15/22,2,Table 1,PR-AM-4,4,Porites rus,Amansia,Porites rus-4,431,0.431
Coral_algal_contact,3/15/22,2,Table 1,PR-MM-5,5,Porites rus,Macroalgae mimic,Porites rus-5,494,0.494
Coral_algal_contact,3/15/22,2,Table 1,PR-SG-5,5,Porites rus,Sargassum,Porites rus-5,379,0.379
Coral_algal_contact,3/15/22,2,Table 1,PR-SP-5,5,Porites rus,S punctatus turf,Porites rus-5,227,0.227
Coral_algal_contact,3/15/22,2,Table 1,PR-TM-5,5,Porites rus,Turf mimic,Porites rus-5,552,0.552
Coral_algal_contact,3/15/22,2,Table 1,PR-E-5,5,Porites rus,Empty,Porites rus-5,486,0.486
Coral_algal_contact,3/15/22,2,Table 1,PR-SN-5,5,Porites rus,S nigricans turf,Porites rus-5,240,0.24
Coral_algal_contact,3/15/22,2,Table 1,PR-AM-5,5,Porites rus,Amansia,Porites rus-5,465,0.465
Coral_algal_contact,3/15/22,2,Table 1,PR-SP-6,6,Porites rus,S punctatus turf,Porites rus-6,162,0.162
Coral_algal_contact,3/15/22,2,Table 1,PR-TM-6,6,Porites rus,Turf mimic,Porites rus-6,472,0.472
Coral_algal_contact,3/15/22,2,Table 1,PR-AM-6,6,Porites rus,Amansia,Porites rus-6,401,0.401
Coral_algal_contact,3/15/22,2,Table 1,PR-SG-6,6,Porites rus,Sargassum,Porites rus-6,460,0.46
Coral_algal_contact,3/15/22,2,Table 1,PR-SN-6,6,Porites rus,S nigricans turf,Porites rus-6,165,0.165
Coral_algal_contact,3/15/22,2,Table 1,PR-MM-6,6,Porites rus,Macroalgae mimic,Porites rus-6,440,0.44
Coral_algal_contact,3/15/22,2,Table 1,PR-E-6,6,Porites rus,Empty,Porites rus-6,534,0.534
Coral_algal_contact,3/16/22,2,Table 2,PR-SP-7,7,Porites rus,S punctatus turf,Porites rus-7,241,0.241
Coral_algal_contact,3/16/22,2,Table 2,PR-TM-7,7,Porites rus,Turf mimic,Porites rus-7,524,0.524
Coral_algal_contact,3/16/22,2,Table 2,PR-AM-7,7,Porites rus,Amansia,Porites rus-7,503,0.503
Coral_algal_contact,3/16/22,2,Table 2,PR-SN-7,7,Porites rus,S nigricans turf,Porites rus-7,215,0.215
Coral_algal_contact,3/16/22,2,Table 2,PR-MM-7,7,Porites rus,Macroalgae mimic,Porites rus-7,575,0.575
Coral_algal_contact,3/16/22,2,Table 2,PR-E-7,7,Porites rus,Empty,Porites rus-7,540,0.54
Coral_algal_contact,3/16/22,2,Table 2,PR-SG-7,7,Porites rus,Sargassum,Porites rus-7,470,0.47
Coral_algal_contact,3/16/22,2,Table 2,PR-E-8,8,Porites rus,Empty,Porites rus-8,524,0.524
Coral_algal_contact,3/16/22,2,Table 2,PR-AM-8,8,Porites rus,Amansia,Porites rus-8,391,0.391
Coral_algal_contact,3/16/22,2,Table 2,PR-SG-8,8,Porites rus,Sargassum,Porites rus-8,524,0.524
Coral_algal_contact,3/16/22,2,Table 2,PR-TM-8,8,Porites rus,Turf mimic,Porites rus-8,525,0.525
Coral_algal_contact,3/16/22,2,Table 2,PR-SP-8,8,Porites rus,S punctatus turf,Porites rus-8,129,0.129
Coral_algal_contact,3/16/22,2,Table 2,PR-SN-8,8,Porites rus,S nigricans turf,Porites rus-8,327,0.327
Coral_algal_contact,3/16/22,2,Table 2,PR-MM-8,8,Porites rus,Macroalgae mimic,Porites rus-8,609,0.609
Coral_algal_contact,3/16/22,2,Table 2,PR-SN-9,9,Porites rus,S nigricans turf,Porites rus-9,293,0.293
Coral_algal_contact,3/16/22,2,Table 2,PR-AM-9,9,Porites rus,Amansia,Porites rus-9,314,0.314
Coral_algal_contact,3/16/22,2,Table 2,PR-MM-9,9,Porites rus,Macroalgae mimic,Porites rus-9,606,0.606
Coral_algal_contact,3/16/22,2,Table 2,PR-E-9,9,Porites rus,Empty,Porites rus-9,532,0.532
Coral_algal_contact,3/16/22,2,Table 2,PR-SP-9,9,Porites rus,S punctatus turf,Porites rus-9,167,0.167
Coral_algal_contact,3/16/22,2,Table 2,PR-AM-9,9,Porites rus,Amansia,Porites rus-9,546,0.546
Coral_algal_contact,3/16/22,2,Table 2,PR-SG-9,9,Porites rus,Sargassum,Porites rus-9,368,0.368
Coral_algal_contact,3/16/22,2,Table 2,PR-SG-10,10,Porites rus,Sargassum,Porites rus-10,589,0.589
Coral_algal_contact,3/16/22,2,Table 2,PR-MM-10,10,Porites rus,Macroalgae mimic,Porites rus-10,604,0.604
Coral_algal_contact,3/16/22,2,Table 2,PR-E-10,10,Porites rus,Empty,Porites rus-10,510,0.51
Coral_algal_contact,3/16/22,2,Table 2,PR-TM-10,10,Porites rus,Turf mimic,Porites rus-10,459,0.459
Coral_algal_contact,3/16/22,2,Table 2,PR-SN-10,10,Porites rus,S nigricans turf,Porites rus-10,372,0.372
Coral_algal_contact,3/16/22,2,Table 2,PR-SP-10,10,Porites rus,S punctatus turf,Porites rus-10,328,0.328
Coral_algal_contact,3/16/22,2,Table 2,PR-AM-10,10,Porites rus,Amansia,Porites rus-10,255,0.255
Coral_algal_contact,3/16/22,2,Table 2,PR-TM-11,11,Porites rus,Turf mimic,Porites rus-11,547,0.547
Coral_algal_contact,3/16/22,2,Table 2,PR-MM-11,11,Porites rus,Macroalgae mimic,Porites rus-11,395,0.395
Coral_algal_contact,3/16/22,2,Table 2,PR-E-11,11,Porites rus,Empty,Porites rus-11,557,0.557
Coral_algal_contact,3/16/22,2,Table 2,PR-SN-11,11,Porites rus,S nigricans turf,Porites rus-11,449,0.449
Coral_algal_contact,3/16/22,2,Table 2,PR-SG-11,11,Porites rus,Sargassum,Porites rus-11,302,0.302
Coral_algal_contact,3/16/22,2,Table 2,PR-SP-11,11,Porites rus,S punctatus turf,Porites rus-11,188,0.188
Coral_algal_contact,3/16/22,2,Table 2,PR-AM-11,11,Porites rus,Amansia,Porites rus-11,426,0.426
Coral_algal_contact,3/16/22,2,Table 2,PR-TM-12,12,Porites rus,Turf mimic,Porites rus-12,582,0.582
Coral_algal_contact,3/16/22,2,Table 2,PR-AM-12,12,Porites rus,Amansia,Porites rus-12,380,0.38
Coral_algal_contact,3/16/22,2,Table 2,PR-SP-12,12,Porites rus,S punctatus turf,Porites rus-12,145,0.145
Coral_algal_contact,3/16/22,2,Table 2,PR-SG-12,12,Porites rus,Sargassum,Porites rus-12,584,0.584
Coral_algal_contact,3/16/22,2,Table 2,PR-MM-12,12,Porites rus,Macroalgae mimic,Porites rus-12,345,0.345
Coral_algal_contact,3/16/22,2,Table 2,PR-E-12,12,Porites rus,Empty,Porites rus-12,542,0.542
Coral_algal_contact,3/16/22,2,Table 2,PR-SN-12,12,Porites rus,S nigricans turf,Porites rus-12,106,0.106
Summer_allelopathy,3/28/22,NA,Table 1,AP-C-1,1,Acropora pulchra,Control,Acropora pulchra 1,487,0.487
Summer_allelopathy,3/28/22,NA,Table 1,AP-N-1,1,Acropora pulchra,S nigricans turf,Acropora pulchra 1,339,0.339
Summer_allelopathy,3/28/22,NA,Table 1,AP-P-1,1,Acropora pulchra,S punctatus turf,Acropora pulchra 1,417,0.417
Summer_allelopathy,3/28/22,NA,Table 1,AP-C-10,10,Acropora pulchra,Control,Acropora pulchra 10,588,0.588
Summer_allelopathy,3/28/22,NA,Table 1,AP-N-10,10,Acropora pulchra,S nigricans turf,Acropora pulchra 10,486,0.486
Summer_allelopathy,3/28/22,NA,Table 1,AP-P-10,10,Acropora pulchra,S punctatus turf,Acropora pulchra 10,462,0.462
Summer_allelopathy,3/28/22,NA,Table 1,AP-C-1,11,Acropora pulchra,Control,Acropora pulchra 11,542,0.542
Summer_allelopathy,3/28/22,NA,Table 1,AP-N-11,11,Acropora pulchra,S nigricans turf,Acropora pulchra 11,339,0.339
Summer_allelopathy,3/28/22,NA,Table 1,AP-P-11,11,Acropora pulchra,S punctatus turf,Acropora pulchra 11,505,0.505
Summer_allelopathy,3/28/22,NA,Table 1,AP-C-12,12,Acropora pulchra,Control,Acropora pulchra 12,492,0.492
Summer_allelopathy,3/28/22,NA,Table 1,AP-N-12,12,Acropora pulchra,S nigricans turf,Acropora pulchra 12,399,0.399
Summer_allelopathy,3/28/22,NA,Table 1,AP-P-12,12,Acropora pulchra,S punctatus turf,Acropora pulchra 12,410,0.41
Summer_allelopathy,3/28/22,NA,Table 1,AP-C-2,2,Acropora pulchra,Control,Acropora pulchra 2,557,0.557
Summer_allelopathy,3/28/22,NA,Table 1,AP-N-2,2,Acropora pulchra,S nigricans turf,Acropora pulchra 2,356,0.356
Summer_allelopathy,3/28/22,NA,Table 1,AP-P-2,2,Acropora pulchra,S punctatus turf,Acropora pulchra 2,179,0.179
Summer_allelopathy,3/28/22,NA,Table 1,AP-C-3,3,Acropora pulchra,Control,Acropora pulchra 3,520,0.52
Summer_allelopathy,3/28/22,NA,Table 1,AP-N-3,3,Acropora pulchra,S nigricans turf,Acropora pulchra 3,304,0.304
Summer_allelopathy,3/28/22,NA,Table 1,AP-P-3,3,Acropora pulchra,S punctatus turf,Acropora pulchra 3,312,0.312
Summer_allelopathy,3/28/22,NA,Table 1,AP-C-4,4,Acropora pulchra,Control,Acropora pulchra 4,507,0.507
Summer_allelopathy,3/28/22,NA,Table 1,AP-N-4,4,Acropora pulchra,S nigricans turf,Acropora pulchra 4,390,0.39
Summer_allelopathy,3/28/22,NA,Table 1,AP-P-4,4,Acropora pulchra,S punctatus turf,Acropora pulchra 4,384,0.384
Summer_allelopathy,3/28/22,NA,Table 1,AP-C-5,5,Acropora pulchra,Control,Acropora pulchra 5,584,0.584
Summer_allelopathy,3/28/22,NA,Table 1,AP-N-5,5,Acropora pulchra,S nigricans turf,Acropora pulchra 5,355,0.355
Summer_allelopathy,3/28/22,NA,Table 1,AP-P-5,5,Acropora pulchra,S punctatus turf,Acropora pulchra 5,357,0.357
Summer_allelopathy,3/28/22,NA,Table 1,AP-C-6,6,Acropora pulchra,Control,Acropora pulchra 6,508,0.508
Summer_allelopathy,3/28/22,NA,Table 1,AP-N-6,6,Acropora pulchra,S nigricans turf,Acropora pulchra 6,430,0.43
Summer_allelopathy,3/28/22,NA,Table 1,AP-P-6,6,Acropora pulchra,S punctatus turf,Acropora pulchra 6,451,0.451
Summer_allelopathy,3/28/22,NA,Table 1,AP-C-7,7,Acropora pulchra,Control,Acropora pulchra 7,505,0.505
Summer_allelopathy,3/28/22,NA,Table 1,AP-N-7,7,Acropora pulchra,S nigricans turf,Acropora pulchra 7,478,0.478
Summer_allelopathy,3/28/22,NA,Table 1,AP-P-7,7,Acropora pulchra,S punctatus turf,Acropora pulchra 7,277,0.277
Summer_allelopathy,3/28/22,NA,Table 1,AP-C-8,8,Acropora pulchra,Control,Acropora pulchra 8,582,0.582
Summer_allelopathy,3/28/22,NA,Table 1,AP-N-8,8,Acropora pulchra,S nigricans turf,Acropora pulchra 8,377,0.377
Summer_allelopathy,3/28/22,NA,Table 1,AP-P-8,8,Acropora pulchra,S punctatus turf,Acropora pulchra 8,490,0.49
Summer_allelopathy,3/28/22,NA,Table 1,AP-C-9,9,Acropora pulchra,Control,Acropora pulchra 9,565,0.565
Summer_allelopathy,3/28/22,NA,Table 1,AP-N-9,9,Acropora pulchra,S nigricans turf,Acropora pulchra 9,463,0.463
Summer_allelopathy,3/28/22,NA,Table 1,AP-P-9,9,Acropora pulchra,S punctatus turf,Acropora pulchra 9,304,0.304
Summer_allelopathy,3/28/22,NA,Table 1,PR-C-1,1,Porites rus,Control,Porites rus 1,580,0.58
Summer_allelopathy,3/28/22,NA,Table 1,PR-N-1,1,Porites rus,S nigricans turf,Porites rus 1,554,0.554
Summer_allelopathy,3/28/22,NA,Table 1,PR-P-1,1,Porites rus,S punctatus turf,Porites rus 1,446,0.446
Summer_allelopathy,3/28/22,NA,Table 1,PR-C-10,10,Porites rus,Control,Porites rus 10,522,0.522
Summer_allelopathy,3/28/22,NA,Table 1,PR-N-10,10,Porites rus,S nigricans turf,Porites rus 10,444,0.444
Summer_allelopathy,3/28/22,NA,Table 1,PR-P-10,10,Porites rus,S punctatus turf,Porites rus 10,457,0.457
Summer_allelopathy,3/28/22,NA,Table 1,PR-C-11,11,Porites rus,Control,Porites rus 11,463,0.463
Summer_allelopathy,3/28/22,NA,Table 1,PR-N011,11,Porites rus,S nigricans turf,Porites rus 11,438,0.438
Summer_allelopathy,3/28/22,NA,Table 1,PR-P-11,11,Porites rus,S punctatus turf,Porites rus 11,420,0.42
Summer_allelopathy,3/28/22,NA,Table 1,PR-C-12,12,Porites rus,Control,Porites rus 12,482,0.482
Summer_allelopathy,3/28/22,NA,Table 1,PR-N-12,12,Porites rus,S nigricans turf,Porites rus 12,452,0.452
Summer_allelopathy,3/28/22,NA,Table 1,PR-P-12,12,Porites rus,S punctatus turf,Porites rus 12,469,0.469
Summer_allelopathy,3/28/22,NA,Table 1,PR-C-2,2,Porites rus,Control,Porites rus 2,529,0.529
Summer_allelopathy,3/28/22,NA,Table 1,PR-N-2,2,Porites rus,S nigricans turf,Porites rus 2,457,0.457
Summer_allelopathy,3/28/22,NA,Table 1,PR-P-2,2,Porites rus,S punctatus turf,Porites rus 2,437,0.437
Summer_allelopathy,3/28/22,NA,Table 1,PR-C-3,3,Porites rus,Control,Porites rus 3,475,0.475
Summer_allelopathy,3/28/22,NA,Table 1,PR-N-3,3,Porites rus,S nigricans turf,Porites rus 3,511,0.511
Summer_allelopathy,3/28/22,NA,Table 1,PR-P-3,3,Porites rus,S punctatus turf,Porites rus 3,523,0.523
Summer_allelopathy,3/28/22,NA,Table 1,PR-C-4,4,Porites rus,Control,Porites rus 4,503,0.503
Summer_allelopathy,3/28/22,NA,Table 1,PR-N-4,4,Porites rus,S nigricans turf,Porites rus 4,528,0.528
Summer_allelopathy,3/28/22,NA,Table 1,PR-P-4,4,Porites rus,S punctatus turf,Porites rus 4,427,0.427
Summer_allelopathy,3/28/22,NA,Table 1,PR-C-5,5,Porites rus,Control,Porites rus 5,509,0.509
Summer_allelopathy,3/28/22,NA,Table 1,PR-N-5,5,Porites rus,S nigricans turf,Porites rus 5,406,0.406
Summer_allelopathy,3/28/22,NA,Table 1,PR-P-5,5,Porites rus,S punctatus turf,Porites rus 5,325,0.325
Summer_allelopathy,3/28/22,NA,Table 1,PR-C-6,6,Porites rus,Control,Porites rus 6,538,0.538
Summer_allelopathy,3/28/22,NA,Table 1,PR-N-6,6,Porites rus,S nigricans turf,Porites rus 6,479,0.479
Summer_allelopathy,3/28/22,NA,Table 1,PR-P-6,6,Porites rus,S punctatus turf,Porites rus 6,468,0.468
Summer_allelopathy,3/28/22,NA,Table 1,PR-C-7,7,Porites rus,Control,Porites rus 7,522,0.522
Summer_allelopathy,3/28/22,NA,Table 1,PR-N-7,7,Porites rus,S nigricans turf,Porites rus 7,413,0.413
Summer_allelopathy,3/28/22,NA,Table 1,PR-P-7,7,Porites rus,S punctatus turf,Porites rus 7,460,0.46
Summer_allelopathy,3/28/22,NA,Table 1,PR-C-8,8,Porites rus,Control,Porites rus 8,540,0.54
Summer_allelopathy,3/28/22,NA,Table 1,PR-N-8,8,Porites rus,S nigricans turf,Porites rus 8,472,0.472
Summer_allelopathy,3/28/22,NA,Table 1,PR-P-8,8,Porites rus,S punctatus turf,Porites rus 8,460,0.46
Summer_allelopathy,3/28/22,NA,Table 1,PR-C-9,9,Porites rus,Control,Porites rus 9,514,0.514
Summer_allelopathy,3/28/22,NA,Table 1,PR-N-9,9,Porites rus,S nigricans turf,Porites rus 9,498,0.498
Summer_allelopathy,3/28/22,NA,Table 1,PT-P-9,9,Porites rus,S punctatus turf,Porites rus 9,489,0.489
Winter_allelopathy,9/11/22,NA,Table 1,AP-C-1,1,Acropora pulchra,Control,Acropora pulchra 1,458,0.458
Winter_allelopathy,9/11/22,NA,Table 1,AP-MN-1,1,Acropora pulchra,Summer S nigricans turf,Acropora pulchra 1,472,0.472
Winter_allelopathy,9/11/22,NA,Table 1,AP-MP-1,1,Acropora pulchra,Summer S punctatus turf,Acropora pulchra 1,498,0.498
Winter_allelopathy,9/11/22,NA,Table 1,AP-WN-1,1,Acropora pulchra,Winter S nigricans turf,Acropora pulchra 1,524,0.524
Winter_allelopathy,9/11/22,NA,Table 1,AP-WP-1,1,Acropora pulchra,Winter S punctatus turf,Acropora pulchra 1,601,0.601
Winter_allelopathy,9/11/22,NA,Table 1,PR-C-1,1,Porites rus,Control,Porites rus 1,569,0.569
Winter_allelopathy,9/11/22,NA,Table 1,PR-MN-1,1,Porites rus,Summer S nigricans turf,Porites rus 1,594,0.594
Winter_allelopathy,9/11/22,NA,Table 1,PR-MP-1,1,Porites rus,Summer S punctatus turf,Porites rus 1,381,0.381
Winter_allelopathy,9/11/22,NA,Table 1,PR-WN-1,1,Porites rus,Winter S nigricans turf,Porites rus 1,420,0.42
Winter_allelopathy,9/11/22,NA,Table 1,PR-WP-1,1,Porites rus,Winter S punctatus turf,Porites rus 1,574,0.574
Winter_allelopathy,9/11/22,NA,Table 1,AP-C-2,2,Acropora pulchra,Control,Acropora pulchra 2,545,0.545
Winter_allelopathy,9/11/22,NA,Table 1,AP-MN-2,2,Acropora pulchra,Summer S nigricans turf,Acropora pulchra 2,386,0.386
Winter_allelopathy,9/11/22,NA,Table 1,AP-MP-2,2,Acropora pulchra,Summer S punctatus turf,Acropora pulchra 2,491,0.491
Winter_allelopathy,9/11/22,NA,Table 1,AP-WN-2,2,Acropora pulchra,Winter S nigricans turf,Acropora pulchra 2,438,0.438
Winter_allelopathy,9/11/22,NA,Table 1,AP-WP-2,2,Acropora pulchra,Winter S punctatus turf,Acropora pulchra 2,618,0.618
Winter_allelopathy,9/11/22,NA,Table 1,PR-C-2,2,Porites rus,Control,Porites rus 2,520,0.52
Winter_allelopathy,9/11/22,NA,Table 1,PR-MN-2,2,Porites rus,Summer S nigricans turf,Porites rus 2,585,0.585
Winter_allelopathy,9/11/22,NA,Table 1,PR-MP-2,2,Porites rus,Summer S punctatus turf,Porites rus 2,529,0.529
Winter_allelopathy,9/11/22,NA,Table 1,PR-WN-2,2,Porites rus,Winter S nigricans turf,Porites rus 2,589,0.589
Winter_allelopathy,9/11/22,NA,Table 1,PR-WP-2,2,Porites rus,Winter S punctatus turf,Porites rus 2,514,0.514
Winter_allelopathy,9/11/22,NA,Table 1,AP-C-3,3,Acropora pulchra,Control,Acropora pulchra 3,400,0.4
Winter_allelopathy,9/11/22,NA,Table 1,AP-MN-3,3,Acropora pulchra,Summer S nigricans turf,Acropora pulchra 3,314,0.314
Winter_allelopathy,9/11/22,NA,Table 1,AP-MP-3,3,Acropora pulchra,Summer S punctatus turf,Acropora pulchra 3,449,0.449
Winter_allelopathy,9/11/22,NA,Table 1,AP-WN-3,3,Acropora pulchra,Winter S nigricans turf,Acropora pulchra 3,500,0.5
Winter_allelopathy,9/11/22,NA,Table 1,AP-WP-3,3,Acropora pulchra,Winter S punctatus turf,Acropora pulchra 3,364,0.364
Winter_allelopathy,9/11/22,NA,Table 1,PR-C-3,3,Porites rus,Control,Porites rus 3,554,0.554
Winter_allelopathy,9/11/22,NA,Table 1,PR-MN-3,3,Porites rus,Summer S nigricans turf,Porites rus 3,311,0.311
Winter_allelopathy,9/11/22,NA,Table 1,PR-MP-3,3,Porites rus,Summer S punctatus turf,Porites rus 3,578,0.578
Winter_allelopathy,9/11/22,NA,Table 1,PR-WN-3,3,Porites rus,Winter S nigricans turf,Porites rus 3,574,0.574
Winter_allelopathy,9/11/22,NA,Table 1,PR-WP-3,3,Porites rus,Winter S punctatus turf,Porites rus 3,551,0.551
Winter_allelopathy,9/11/22,NA,Table 1,AP-C-4,4,Acropora pulchra,Control,Acropora pulchra 4,517,0.517
Winter_allelopathy,9/11/22,NA,Table 1,AP-MN-4,4,Acropora pulchra,Summer S nigricans turf,Acropora pulchra 4,310,0.31
Winter_allelopathy,9/11/22,NA,Table 1,AP-MP-4,4,Acropora pulchra,Summer S punctatus turf,Acropora pulchra 4,592,0.592
Winter_allelopathy,9/11/22,NA,Table 1,AP-WN-4,4,Acropora pulchra,Winter S nigricans turf,Acropora pulchra 4,409,0.409
Winter_allelopathy,9/11/22,NA,Table 1,AP-WP-4,4,Acropora pulchra,Winter S punctatus turf,Acropora pulchra 4,351,0.351
Winter_allelopathy,9/11/22,NA,Table 1,PR-C-4,4,Porites rus,Control,Porites rus 4,490,0.49
Winter_allelopathy,9/11/22,NA,Table 1,PR-MN-4,4,Porites rus,Summer S nigricans turf,Porites rus 4,388,0.388
Winter_allelopathy,9/11/22,NA,Table 1,PR-MP-4,4,Porites rus,Summer S punctatus turf,Porites rus 4,606,0.606
Winter_allelopathy,9/11/22,NA,Table 1,PR-WN-4,4,Porites rus,Winter S nigricans turf,Porites rus 4,516,0.516
Winter_allelopathy,9/11/22,NA,Table 1,PR-WP-4,4,Porites rus,Winter S punctatus turf,Porites rus 4,486,0.486
Winter_allelopathy,9/11/22,NA,Table 1,AP-C-5,5,Acropora pulchra,Control,Acropora pulchra 5,547,0.547
Winter_allelopathy,9/11/22,NA,Table 1,AP-MN-5,5,Acropora pulchra,Summer S nigricans turf,Acropora pulchra 5,548,0.548
Winter_allelopathy,9/11/22,NA,Table 1,AP-MP-5,5,Acropora pulchra,Summer S punctatus turf,Acropora pulchra 5,479,0.479
Winter_allelopathy,9/11/22,NA,Table 1,AP-WN-5,5,Acropora pulchra,Winter S nigricans turf,Acropora pulchra 5,594,0.594
Winter_allelopathy,9/11/22,NA,Table 1,AP-WP-5,5,Acropora pulchra,Winter S punctatus turf,Acropora pulchra 5,545,0.545
Winter_allelopathy,9/11/22,NA,Table 1,PR-C-5,5,Porites rus,Control,Porites rus 5,538,0.538
Winter_allelopathy,9/11/22,NA,Table 1,PR-MN-5,5,Porites rus,Summer S nigricans turf,Porites rus 5,483,0.483
Winter_allelopathy,9/11/22,NA,Table 1,PR-MP-5,5,Porites rus,Summer S punctatus turf,Porites rus 5,445,0.445
Winter_allelopathy,9/11/22,NA,Table 1,PR-WN-5,5,Porites rus,Winter S nigricans turf,Porites rus 5,507,0.507
Winter_allelopathy,9/11/22,NA,Table 1,PR-WP-5,5,Porites rus,Winter S punctatus turf,Porites rus 5,499,0.499
Winter_allelopathy,9/11/22,NA,Table 1,AP-C-6,6,Acropora pulchra,Control,Acropora pulchra 6,561,0.561
Winter_allelopathy,9/11/22,NA,Table 1,AP-MN-6,6,Acropora pulchra,Summer S nigricans turf,Acropora pulchra 6,552,0.552
Winter_allelopathy,9/11/22,NA,Table 1,AP-MP-6,6,Acropora pulchra,Summer S punctatus turf,Acropora pulchra 6,584,0.584
Winter_allelopathy,9/11/22,NA,Table 1,AP-WN-6,6,Acropora pulchra,Winter S nigricans turf,Acropora pulchra 6,464,0.464
Winter_allelopathy,9/11/22,NA,Table 1,AP-WP-6,6,Acropora pulchra,Winter S punctatus turf,Acropora pulchra 6,477,0.477
Winter_allelopathy,9/11/22,NA,Table 1,PR-C-6,6,Porites rus,Control,Porites rus 6,445,0.445
Winter_allelopathy,9/11/22,NA,Table 1,PR-MN-6,6,Porites rus,Summer S nigricans turf,Porites rus 6,530,0.53
Winter_allelopathy,9/11/22,NA,Table 1,PR-MP-6,6,Porites rus,Summer S punctatus turf,Porites rus 6,597,0.597
Winter_allelopathy,9/11/22,NA,Table 1,PR-WN-6,6,Porites rus,Winter S nigricans turf,Porites rus 6,537,0.537
Winter_allelopathy,9/11/22,NA,Table 1,PR-WP-6,6,Porites rus,Winter S punctatus turf,Porites rus 6,592,0.592
Winter_allelopathy,9/11/22,NA,Table 1,AP-C-7,7,Acropora pulchra,Control,Acropora pulchra 7,469,0.469
Winter_allelopathy,9/11/22,NA,Table 1,AP-MN-7,7,Acropora pulchra,Summer S nigricans turf,Acropora pulchra 7,392,0.392
Winter_allelopathy,9/11/22,NA,Table 1,AP-MP-7,7,Acropora pulchra,Summer S punctatus turf,Acropora pulchra 7,500,0.5
Winter_allelopathy,9/11/22,NA,Table 1,AP-WN-7,7,Acropora pulchra,Winter S nigricans turf,Acropora pulchra 7,542,0.542
Winter_allelopathy,9/11/22,NA,Table 1,AP-WP-7,7,Acropora pulchra,Winter S punctatus turf,Acropora pulchra 7,321,0.321
Winter_allelopathy,9/11/22,NA,Table 1,PR-C-7,7,Porites rus,Control,Porites rus 7,448,0.448
Winter_allelopathy,9/11/22,NA,Table 1,PR-MN-7,7,Porites rus,Summer S nigricans turf,Porites rus 7,510,0.51
Winter_allelopathy,9/11/22,NA,Table 1,PR-MP-7,7,Porites rus,Summer S punctatus turf,Porites rus 7,412,0.412
Winter_allelopathy,9/11/22,NA,Table 1,PR-WN-7,7,Porites rus,Winter S nigricans turf,Porites rus 7,615,0.615
Winter_allelopathy,9/11/22,NA,Table 1,PR-WP-7,7,Porites rus,Winter S punctatus turf,Porites rus 7,492,0.492
Winter_allelopathy,9/11/22,NA,Table 1,AP-C-8,8,Acropora pulchra,Control,Acropora pulchra 8,450,0.45
Winter_allelopathy,9/11/22,NA,Table 1,AP-MN-8,8,Acropora pulchra,Summer S nigricans turf,Acropora pulchra 8,323,0.323
Winter_allelopathy,9/11/22,NA,Table 1,AP-MP-8,8,Acropora pulchra,Summer S punctatus turf,Acropora pulchra 8,426,0.426
Winter_allelopathy,9/11/22,NA,Table 1,AP-WN-8,8,Acropora pulchra,Winter S nigricans turf,Acropora pulchra 8,333,0.333
Winter_allelopathy,9/11/22,NA,Table 1,AP-WP-8,8,Acropora pulchra,Winter S punctatus turf,Acropora pulchra 8,467,0.467
Winter_allelopathy,9/11/22,NA,Table 1,PR-C-8,8,Porites rus,Control,Porites rus 8,531,0.531
Winter_allelopathy,9/11/22,NA,Table 1,PR-MN-8,8,Porites rus,Summer S nigricans turf,Porites rus 8,447,0.447
Winter_allelopathy,9/11/22,NA,Table 1,PR-MP-8,8,Porites rus,Summer S punctatus turf,Porites rus 8,370,0.37
Winter_allelopathy,9/11/22,NA,Table 1,PR-WN-8,8,Porites rus,Winter S nigricans turf,Porites rus 8,568,0.568
Winter_allelopathy,9/11/22,NA,Table 1,PR-WP-8,8,Porites rus,Winter S punctatus turf,Porites rus 8,413,0.413
Winter_allelopathy,9/11/22,NA,Table 1,AP-C-9,9,Acropora pulchra,Control,Acropora pulchra 9,485,0.485
Winter_allelopathy,9/11/22,NA,Table 1,AP-MN-9,9,Acropora pulchra,Summer S nigricans turf,Acropora pulchra 9,580,0.58
Winter_allelopathy,9/11/22,NA,Table 1,AP-MP-9,9,Acropora pulchra,Summer S punctatus turf,Acropora pulchra 9,572,0.572
Winter_allelopathy,9/11/22,NA,Table 1,AP-WN-9,9,Acropora pulchra,Winter S nigricans turf,Acropora pulchra 9,444,0.444
Winter_allelopathy,9/11/22,NA,Table 1,AP-WP-9,9,Acropora pulchra,Winter S punctatus turf,Acropora pulchra 9,523,0.523
Winter_allelopathy,9/11/22,NA,Table 1,PR-C-9,9,Porites rus,Control,Porites rus 9,496,0.496
Winter_allelopathy,9/11/22,NA,Table 1,PR-MN-9,9,Porites rus,Summer S nigricans turf,Porites rus 9,482,0.482
Winter_allelopathy,9/11/22,NA,Table 1,PR-MP-9,9,Porites rus,Summer S punctatus turf,Porites rus 9,568,0.568
Winter_allelopathy,9/11/22,NA,Table 1,PR-WN-9,9,Porites rus,Winter S nigricans turf,Porites rus 9,578,0.578
Winter_allelopathy,9/11/22,NA,Table 1,PR-WP-9,9,Porites rus,Winter S punctatus turf,Porites rus 9,502,0.502
Winter_allelopathy,9/11/22,NA,Table 1,AP-C-10,10,Acropora pulchra,Control,Acropora pulchra 10,562,0.562
Winter_allelopathy,9/11/22,NA,Table 1,AP-MN-10,10,Acropora pulchra,Summer S nigricans turf,Acropora pulchra 10,531,0.531
Winter_allelopathy,9/11/22,NA,Table 1,AP-MP-10,10,Acropora pulchra,Summer S punctatus turf,Acropora pulchra 10,457,0.457
Winter_allelopathy,9/11/22,NA,Table 1,AP-WN-10,10,Acropora pulchra,Winter S nigricans turf,Acropora pulchra 10,400,0.4
Winter_allelopathy,9/11/22,NA,Table 1,AP-WP-10,10,Acropora pulchra,Winter S punctatus turf,Acropora pulchra 10,396,0.396
Winter_allelopathy,9/11/22,NA,Table 1,PR-C-10,10,Porites rus,Control,Porites rus 10,584,0.584
Winter_allelopathy,9/11/22,NA,Table 1,PR-MN-10,10,Porites rus,Summer S nigricans turf,Porites rus 10,456,0.456
Winter_allelopathy,9/11/22,NA,Table 1,PR-MP-10,10,Porites rus,Summer S punctatus turf,Porites rus 10,613,0.613
Winter_allelopathy,9/11/22,NA,Table 1,PR-WN-10,10,Porites rus,Winter S nigricans turf,Porites rus 10,674,0.674
Winter_allelopathy,9/11/22,NA,Table 1,PR-WP-10,10,Porites rus,Winter S punctatus turf,Porites rus 10,638,0.638
Winter_allelopathy,9/11/22,NA,Table 1,AP-C-11,11,Acropora pulchra,Control,Acropora pulchra 11,372,0.372
Winter_allelopathy,9/11/22,NA,Table 1,AP-MN-11,11,Acropora pulchra,Summer S nigricans turf,Acropora pulchra 11,379,0.379
Winter_allelopathy,9/11/22,NA,Table 1,AP-MP-11,11,Acropora pulchra,Summer S punctatus turf,Acropora pulchra 11,491,0.491
Winter_allelopathy,9/11/22,NA,Table 1,AP-WN-11,11,Acropora pulchra,Winter S nigricans turf,Acropora pulchra 11,426,0.426
Winter_allelopathy,9/11/22,NA,Table 1,AP-WP-11,11,Acropora pulchra,Winter S punctatus turf,Acropora pulchra 11,441,0.441
Winter_allelopathy,9/11/22,NA,Table 1,PR-C-11,11,Porites rus,Control,Porites rus 11,472,0.472
Winter_allelopathy,9/11/22,NA,Table 1,PR-MN-11,11,Porites rus,Summer S nigricans turf,Porites rus 11,607,0.607
Winter_allelopathy,9/11/22,NA,Table 1,PR-MP-11,11,Porites rus,Summer S punctatus turf,Porites rus 11,552,0.552
Winter_allelopathy,9/11/22,NA,Table 1,PR-WN-11,11,Porites rus,Winter S nigricans turf,Porites rus 11,456,0.456
Winter_allelopathy,9/11/22,NA,Table 1,PR-WP-11,11,Porites rus,Winter S punctatus turf,Porites rus 11,561,0.561
Winter_allelopathy,9/11/22,NA,Table 1,AP-C-12,12,Acropora pulchra,Control,Acropora pulchra 12,534,0.534
Winter_allelopathy,9/11/22,NA,Table 1,AP-MN-12,12,Acropora pulchra,Summer S nigricans turf,Acropora pulchra 12,450,0.45
Winter_allelopathy,9/11/22,NA,Table 1,AP-MP-12,12,Acropora pulchra,Summer S punctatus turf,Acropora pulchra 12,539,0.539
Winter_allelopathy,9/11/22,NA,Table 1,AP-WN-12,12,Acropora pulchra,Winter S nigricans turf,Acropora pulchra 12,464,0.464
Winter_allelopathy,9/11/22,NA,Table 1,AP-WP-12,12,Acropora pulchra,Winter S punctatus turf,Acropora pulchra 12,421,0.421
Winter_allelopathy,9/11/22,NA,Table 1,PR-C-12,12,Porites rus,Control,Porites rus 12,355,0.355
Winter_allelopathy,9/11/22,NA,Table 1,PR-MN-12,12,Porites rus,Summer S nigricans turf,Porites rus 12,578,0.578
Winter_allelopathy,9/11/22,NA,Table 1,PR-MP-12,12,Porites rus,Summer S punctatus turf,Porites rus 12,594,0.594
Winter_allelopathy,9/11/22,NA,Table 1,PR-WN-12,12,Porites rus,Winter S nigricans turf,Porites rus 12,532,0.532
Winter_allelopathy,9/11/22,NA,Table 1,PR-WP-12,12,Porites rus,Winter S punctatus turf,Porites rus 12,477,0.477